Event,FieldStarID,RA,Dec,t_0,t_E,u_0,Isource,Ibase,Icat,Ctype,A_I,Related_event
KMT-2020-BLG-0001,BLG01K0102.016083,17:53:52.14,-30:57:03.82,9086.87996,0.82,0.3,18.55,18.55,18.55,1,1.91,MB20046
KMT-2020-BLG-0002,BLG01K0403.024508,17:52:13.41,-30:42:19.01,8918.48572,97.7,0.011,23.17,18.92,18.92,1,1.79,MB20045
KMT-2020-BLG-0003,SAO01K0608.002004,17:50:51.72,-30:06:29.70,8931.77567,1.89,0.918,15.97,15.95,15.95,1,2.73,
KMT-2020-BLG-0004,BLG01T0308.032946,17:52:49.99,-31:17:44.30,8910.71354,13.13,0.094,22.29,19.5,19.5,1,2.11,
KMT-2020-BLG-0005,BLG01T0501.003166,17:51:33.40,-32:05:19.90,8925.18513,34.6,0.048,21.95,16.86,16.86,1,2.2,
KMT-2020-BLG-0006,BLG01T0808.013474,17:49:42.59,-31:14:47.22,8914.3424,14.71,0.044,22.08,20.0,21.46,2,5.06,
KMT-2020-BLG-0007,BLG02K0204.070553,17:53:28.60,-28:34:22.91,8915.95765,12.59,0.02,21.24,20.0,21.13,2,2.68,
KMT-2020-BLG-0008,SSO02N0104.059698,17:59:00.21,-29:37:37.49,8920.28177,6.92,0.049,20.95,19.38,19.38,1,1.37,
KMT-2020-BLG-0009,SSO02N0705.085769,17:55:23.11,-29:29:10.39,8922.32546,7.15,0.198,20.01,19.72,19.72,1,1.46,MB20062
KMT-2020-BLG-0010,SAO02N0804.091674,17:55:03.83,-29:42:18.50,8931.555,3.61,0.252,19.55,19.85,19.85,1,1.44,
KMT-2020-BLG-0011,BLG02T0207.008257,17:53:07.01,-29:17:38.18,8917.09671,199.7,0.023,22.53,16.83,16.83,1,2.29,
KMT-2020-BLG-0012,BLG02T0207.012532,17:53:16.16,-29:12:18.68,8943.83083,20.77,0.057,18.08,17.51,17.51,1,2.17,
KMT-2020-BLG-0013,SAO02T0605.046722,17:51:15.08,-29:31:25.39,8912.70664,143.14,0.003,25.3,20.0,20.47,1,3.0,
KMT-2020-BLG-0014,SSO03K0303.069356,18:00:29.85,-27:35:25.01,8950.49405,74.62,0.156,20.35,19.88,19.88,1,1.74,
KMT-2020-BLG-0015,BLG03K0308.056766,18:00:18.24,-26:54:12.96,8925.916,126.19,0.002,23.55,20.0,21.46,3,2.83,MB20066
KMT-2020-BLG-0016,BLG03K0605.020528,17:58:44.66,-27:19:02.21,8915.93269,31.04,0.126,19.77,18.99,18.99,1,2.14,
KMT-2020-BLG-0017,BLG03K0606.031412,17:58:28.41,-27:11:57.12,8919.89121,66.48,0.106,19.75,19.84,19.84,2,2.8,MB20034
KMT-2020-BLG-0018,SSO03N0405.034454,18:04:37.61,-28:28:52.10,9011.86805,200.0,1.0,18.78,18.78,18.78,1,0.85,
KMT-2020-BLG-0019,BLG03N0503.029855,18:04:12.10,-28:40:06.71,8934.41089,48.93,0.263,19.45,18.56,18.56,1,0.82,
KMT-2020-BLG-0020,SAO03N0808.007261,18:02:32.51,-28:04:33.60,8930.47885,25.5,0.014,21.71,17.1,17.1,1,1.09,
KMT-2020-BLG-0021,SAO03T0206.067049,18:01:06.45,-28:19:18.41,9042.43473,5.15,0.388,19.26,19.42,19.42,1,1.14,
KMT-2020-BLG-0022,SAO03T0808.031553,17:57:40.84,-28:02:57.19,8929.19948,8.08,0.038,22.21,19.31,19.31,1,2.32,
KMT-2020-BLG-0023,BLG04K0305.052205,18:02:00.61,-29:26:45.20,8928.77273,11.09,0.331,19.39,19.57,19.57,1,1.39,
KMT-2020-BLG-0024,BLG04K0706.007963,18:00:04.51,-29:17:15.40,8912.33472,11.07,0.47,17.3,17.35,17.35,1,1.3,MB20063
KMT-2020-BLG-0025,BLG04K0802.017384,17:59:25.90,-29:50:58.20,8925.11692,13.27,0.274,18.66,18.12,18.12,1,1.16,MB20057
KMT-2020-BLG-0026,BLG04K0805.012426,17:59:07.31,-29:25:32.41,8926.43816,65.82,0.383,18.7,18.05,18.05,1,1.59,
KMT-2020-BLG-0027,SSO04M0604.029050,18:05:32.78,-29:30:01.58,8919.35401,0.5,0.428,18.64,18.78,18.78,1,0.83,MB20049
KMT-2020-BLG-0028,BLG04N0506.007120,18:06:09.42,-30:25:42.89,8937.12851,21.48,0.607,17.43,17.45,17.45,1,1.05,
KMT-2020-BLG-0029,BLG04T0607.007740,18:00:31.10,-30:13:55.09,8940.53393,34.49,0.517,17.39,17.53,17.53,1,1.05,
KMT-2020-BLG-0030,BLG11K0507.025723,17:24:34.97,-29:03:34.31,8929.06465,16.09,0.881,19.27,19.55,19.55,1,1.62,
KMT-2020-BLG-0031,BLG11K0603.049064,17:24:15.26,-29:33:26.32,8922.59133,24.16,0.172,19.05,20.0,20.19,1,1.78,
KMT-2020-BLG-0032,BLG11K0604.034694,17:24:12.03,-29:25:12.00,8919.40278,21.18,0.088,19.83,19.62,19.62,1,1.54,
KMT-2020-BLG-0033,BLG11K0704.047486,17:23:42.40,-29:30:57.89,8943.82605,36.82,0.095,19.73,20.0,20.1,1,1.48,
KMT-2020-BLG-0034,BLG11K0803.025893,17:23:12.29,-29:31:10.20,8916.4757,25.5,0.205,20.34,20.0,20.16,2,1.56,
KMT-2020-BLG-0035,SSO11M0104.008568,17:31:45.69,-29:30:46.73,8928.62684,22.24,0.557,19.14,19.17,19.17,2,2.84,
KMT-2020-BLG-0036,BLG11M0601.001049,17:28:52.72,-29:53:07.48,8941.98184,26.94,0.603,16.35,16.41,16.41,2,2.16,
KMT-2020-BLG-0037,BLG11M0802.011355,17:27:43.78,-29:43:00.41,8924.40196,40.81,0.002,21.34,18.68,18.68,1,2.06,
KMT-2020-BLG-0038,SSO11N0307.000718,17:31:00.53,-30:11:49.27,8944.43854,61.58,0.199,15.91,15.9,15.9,2,2.31,
KMT-2020-BLG-0039,BLG11N0408.004008,17:30:15.30,-30:01:17.11,8921.04237,12.28,0.01,17.7,17.55,17.55,2,2.5,
KMT-2020-BLG-0040,BLG11N0607.037292,17:29:05.69,-30:08:16.73,8911.68538,15.54,0.327,19.85,20.0,20.18,2,2.1,
KMT-2020-BLG-0041,BLG11T0403.023346,17:25:19.00,-30:38:24.40,8918.2762,39.7,0.189,20.93,20.0,21.11,2,3.33,
KMT-2020-BLG-0042,BLG12K0401.048801,17:25:22.75,-27:43:45.01,8928.31728,30.13,0.163,20.41,20.0,20.54,1,1.84,
KMT-2020-BLG-0043,BLG12M0105.009153,17:31:46.07,-27:15:02.74,8917.27265,32.76,0.188,19.87,19.88,19.88,2,2.74,
KMT-2020-BLG-0044,BLG12M0404.004104,17:30:28.46,-27:20:31.20,8942.23799,47.75,0.122,18.81,18.65,18.65,2,2.58,
KMT-2020-BLG-0045,SSO13M0506.041748,17:36:55.80,-33:36:23.80,8926.98382,33.55,0.021,22.1,20.0,21.56,2,3.55,
KMT-2020-BLG-0046,BLG14K0301.009253,17:35:22.02,-28:49:28.27,8919.44529,9.25,0.192,19.24,19.39,19.39,2,3.72,
KMT-2020-BLG-0047,BLG14K0408.080685,17:34:44.93,-27:50:58.96,8910.65068,70.67,0.017,23.36,20.0,21.88,2,2.79,
KMT-2020-BLG-0048,BLG14K0503.009740,17:33:57.79,-28:30:05.90,8922.58247,5.44,0.124,19.5,19.72,19.72,2,3.15,
KMT-2020-BLG-0049,SSO14K0507.025930,17:34:18.08,-28:03:49.18,8930.66108,6.11,0.097,20.66,20.0,20.26,2,2.64,
KMT-2020-BLG-0050,SAO14K0601.000940,17:33:40.88,-28:50:09.17,8936.65684,19.35,0.392,17.22,17.2,17.2,2,3.68,
KMT-2020-BLG-0051,BLG14K0605.003642,17:33:29.88,-28:19:54.80,8953.09514,49.94,0.184,17.51,17.53,17.53,2,2.6,
KMT-2020-BLG-0052,BLG14K0605.028545,17:33:33.85,-28:14:40.52,8916.7103,5.64,0.583,19.82,20.0,20.26,2,2.6,
KMT-2020-BLG-0053,SAO14K0803.049696,17:32:37.24,-28:29:22.02,8934.67679,25.21,0.101,21.05,20.0,21.18,2,2.81,
KMT-2020-BLG-0054,SSO14M0304.025120,17:40:17.60,-28:21:29.09,8933.58961,23.28,0.241,19.95,20.0,20.97,2,3.96,
KMT-2020-BLG-0055,SAO14M0407.015043,17:39:17.38,-28:04:47.06,8926.18664,5.82,0.019,19.26,19.52,19.52,2,2.85,
KMT-2020-BLG-0056,SAO14M0802.003976,17:36:59.01,-28:36:19.30,8919.12104,5.99,0.462,18.0,18.06,18.06,2,3.42,
KMT-2020-BLG-0057,BLG14M0806.000991,17:37:21.78,-28:10:42.31,8909.91952,19.32,0.401,17.34,17.39,17.39,2,3.97,
KMT-2020-BLG-0058,BLG14N0307.002326,17:39:51.15,-29:06:17.53,8921.12246,44.88,0.162,19.4,19.18,19.18,2,4.9,
KMT-2020-BLG-0059,SAO14N0606.013194,17:38:11.70,-29:12:51.62,8945.66049,22.42,0.147,19.65,20.0,20.34,2,4.12,
KMT-2020-BLG-0060,BLG14T0102.010337,17:36:23.56,-29:46:12.94,8955.00442,58.59,0.034,19.91,19.73,19.73,2,3.8,
KMT-2020-BLG-0061,BLG14T0103.008966,17:36:20.97,-29:41:04.63,8927.93709,3.03,0.091,20.02,19.23,19.23,2,3.65,
KMT-2020-BLG-0062,SSO14T0107.052676,17:36:27.34,-29:09:17.93,8930.94879,2.38,0.169,19.75,20.0,21.16,2,3.14,
KMT-2020-BLG-0063,BLG14T0208.006582,17:35:40.48,-28:58:12.47,8918.66162,23.65,0.387,18.5,18.49,18.49,2,3.56,
KMT-2020-BLG-0064,BLG14T0405.100577,17:34:27.99,-29:25:01.63,8936.7483,11.61,0.078,19.72,20.0,25.0,3,2.96,
KMT-2020-BLG-0065,SAO14T0705.027010,17:32:46.25,-29:20:34.44,8933.13164,7.19,0.741,19.8,20.0,20.57,2,2.84,
KMT-2020-BLG-0066,BLG14T0802.075198,17:32:34.69,-29:47:12.91,8920.47438,2.33,0.075,21.2,20.0,22.06,2,3.16,
KMT-2020-BLG-0067,SAO15K0102.022081,17:36:23.92,-26:31:18.59,8928.75684,21.19,0.086,22.3,20.0,20.57,2,2.86,
KMT-2020-BLG-0068,BLG15K0104.025835,17:36:37.80,-26:15:23.33,8947.16702,133.75,0.056,22.71,20.0,21.01,2,3.11,
KMT-2020-BLG-0069,BLG15K0108.021100,17:36:29.21,-25:43:55.70,8931.91233,24.39,0.04,20.75,20.0,21.26,2,3.35,
KMT-2020-BLG-0070,BLG15K0301.023203,17:35:16.75,-26:42:46.30,8922.86746,21.39,0.101,20.81,20.0,20.16,2,2.26,
KMT-2020-BLG-0071,SAO15K0702.044361,17:33:15.23,-26:34:34.25,8928.08935,8.64,0.003,22.24,20.0,21.76,2,2.9,
KMT-2020-BLG-0072,SAO15N0404.000776,17:39:44.45,-27:24:44.42,8958.19911,38.67,0.477,16.61,16.0,16.0,2,2.84,
KMT-2020-BLG-0073,BLG15N0602.000641,17:38:07.37,-27:40:22.19,8953.39122,15.25,0.33,16.06,16.08,16.08,2,3.04,
KMT-2020-BLG-0074,BLG15N0606.044641,17:38:32.34,-27:08:30.37,8921.76872,48.57,0.013,23.16,20.0,21.01,2,2.88,
KMT-2020-BLG-0075,SAO15T0607.000393,17:33:28.08,-27:02:08.27,8939.185,6.16,0.686,16.41,16.06,16.06,2,2.99,
KMT-2020-BLG-0076,BLG15T0801.004766,17:32:19.14,-27:44:22.16,8952.34199,55.22,0.539,18.23,18.25,18.25,2,2.49,
KMT-2020-BLG-0077,BLG16K0107.010214,17:36:39.39,-23:46:42.82,8915.50734,5.24,0.106,19.92,19.66,19.66,2,2.09,
KMT-2020-BLG-0078,SSO16K0306.002441,17:35:38.16,-23:55:34.00,8945.61122,21.5,0.134,17.68,17.63,17.63,2,2.07,
KMT-2020-BLG-0079,BLG16M0203.053192,17:40:37.60,-24:18:41.40,8928.97177,19.06,0.184,20.66,20.0,20.62,2,1.89,
KMT-2020-BLG-0080,BLG16M0708.016222,17:37:53.04,-23:41:23.82,8948.67793,126.64,0.138,20.39,20.0,20.05,2,2.13,
KMT-2020-BLG-0081,BLG16N0305.021547,17:40:07.45,-25:12:37.94,8924.40385,19.09,0.219,20.4,20.0,20.23,2,2.82,
KMT-2020-BLG-0082,BLG16T0302.001784,17:35:42.12,-25:30:55.58,8920.52826,23.6,0.413,19.8,19.3,19.3,2,8.32,
KMT-2020-BLG-0083,SAO17M0702.010929,17:45:54.08,-33:02:15.00,8932.0939,56.36,0.005,23.31,19.31,19.31,2,2.72,
KMT-2020-BLG-0084,BLG17T0703.039996,17:40:22.49,-33:59:52.80,8924.79077,3.45,0.472,19.77,20.0,20.84,2,2.53,
KMT-2020-BLG-0085,SSO18K0205.031298,17:44:47.73,-26:09:59.58,8928.22482,13.58,0.46,19.91,20.0,20.67,2,2.9,
KMT-2020-BLG-0086,BLG18K0206.001980,17:44:52.07,-26:00:37.87,8920.57195,150.07,0.025,23.4,17.11,17.11,2,2.82,
KMT-2020-BLG-0087,SSO18K0208.045010,17:44:56.87,-25:47:12.59,8944.7814,34.74,0.006,20.2,20.0,21.06,2,3.23,
KMT-2020-BLG-0088,SAO18K0603.056773,17:43:02.22,-26:24:30.67,8924.15841,12.87,0.193,20.44,20.0,20.98,2,2.91,
KMT-2020-BLG-0089,BLG18K0806.001274,17:41:54.29,-25:56:45.46,8926.56063,37.99,0.145,17.26,17.2,17.2,2,3.1,
KMT-2020-BLG-0090,BLG18M0603.006193,17:47:38.74,-26:24:47.56,8927.34081,17.37,0.433,19.02,19.24,19.24,2,4.4,
KMT-2020-BLG-0091,BLG18M0703.012918,17:46:45.46,-26:19:05.59,8954.43938,86.94,0.293,20.08,19.98,19.98,2,3.53,
KMT-2020-BLG-0092,SAO18T0501.012338,17:43:28.03,-27:46:39.29,8934.78083,120.17,0.025,24.03,19.75,19.75,2,4.06,
KMT-2020-BLG-0093,SAO18T0603.048428,17:42:55.15,-27:29:58.20,8930.13965,6.09,0.845,19.98,20.0,21.15,2,3.45,
KMT-2020-BLG-0094,BLG19K0402.027033,17:43:59.50,-24:28:03.22,8967.71109,50.35,0.513,19.23,19.52,19.52,1,2.18,
KMT-2020-BLG-0095,BLG19K0802.013322,17:41:43.48,-24:24:03.38,8930.6549,19.49,0.471,18.53,18.65,18.65,1,1.65,
KMT-2020-BLG-0096,BLG19M0403.038375,17:48:43.41,-24:19:18.44,9042.18208,8.99,0.085,19.41,20.0,20.64,2,2.83,
KMT-2020-BLG-0097,SSO19N0504.076841,17:47:59.83,-25:20:54.71,8929.03599,12.54,0.002,22.12,20.0,25.0,3,4.7,
KMT-2020-BLG-0098,SSO19N0505.011309,17:48:14.28,-25:13:10.56,8943.89626,27.88,0.419,19.92,20.0,20.79,2,4.54,
KMT-2020-BLG-0099,SSO19N0604.016245,17:47:48.14,-25:15:54.22,8930.02523,48.58,0.161,21.52,20.0,20.91,2,3.84,
KMT-2020-BLG-0100,SSO19T0102.045526,17:45:39.87,-25:33:59.58,8931.98925,8.09,0.082,20.87,20.0,20.95,2,2.61,
KMT-2020-BLG-0101,BLG19T0203.001758,17:45:11.03,-25:24:28.98,9023.25606,200.0,0.062,17.76,17.41,17.41,2,3.12,
KMT-2020-BLG-0102,SSO20N0308.042939,17:48:57.71,-22:41:57.30,8924.65495,16.87,0.038,20.06,20.0,20.04,1,1.92,
KMT-2020-BLG-0103,BLG21K0505.034527,17:51:27.56,-34:46:43.61,8929.737,12.35,0.127,19.21,19.27,19.27,1,1.01,MB20070
KMT-2020-BLG-0104,SAO21M0706.002013,17:55:13.38,-34:35:14.60,8956.75423,60.73,0.46,16.19,15.97,15.97,1,0.78,MB20008
KMT-2020-BLG-0105,SAO22M0302.008758,17:57:49.13,-33:01:33.60,8927.48268,34.84,0.136,18.32,18.34,18.34,1,1.29,MB20040
KMT-2020-BLG-0106,BLG22M0703.023542,17:55:22.35,-32:54:29.27,8923.1388,31.01,0.159,19.27,19.24,19.24,2,1.18,
KMT-2020-BLG-0107,BLG22N0507.006094,17:56:41.63,-33:31:59.09,8954.93496,63.67,0.502,17.75,17.68,17.68,1,1.11,
KMT-2020-BLG-0108,SAO22T0407.008221,17:51:58.50,-33:31:33.67,8919.68252,11.0,0.042,18.55,18.51,18.51,2,1.82,MB20043
KMT-2020-BLG-0109,SSO22T0408.001781,17:52:09.11,-33:21:19.73,8954.38664,35.37,0.226,16.25,16.24,16.24,2,1.52,MB20051
KMT-2020-BLG-0110,SSO31K0406.006519,18:11:38.61,-25:05:51.22,8953.23747,45.88,0.651,18.02,18.29,18.29,1,1.86,
KMT-2020-BLG-0111,SAO32N0503.041370,18:13:28.38,-28:37:39.61,8961.49669,18.86,0.999,19.66,19.42,19.42,1,0.44,
KMT-2020-BLG-0112,SSO32T0201.038335,18:10:18.93,-28:53:15.68,8931.1332,33.08,0.095,19.21,19.3,19.3,1,0.8,MB20067
KMT-2020-BLG-0113,BLG33K0405.013710,18:11:11.58,-29:24:30.20,8947.44949,25.68,0.157,18.33,18.39,18.39,1,0.74,
KMT-2020-BLG-0114,BLG33N0608.039790,18:15:04.33,-30:11:13.27,8925.82395,16.63,0.523,19.8,20.0,20.52,2,0.54,
KMT-2020-BLG-0115,BLG33T0504.054722,18:10:38.19,-30:37:13.80,9086.82269,1.51,0.061,19.77,20.0,20.41,1,0.55,
KMT-2020-BLG-0116,BLG34K0401.038755,18:01:36.59,-32:03:38.02,8937.52097,19.51,0.124,19.58,19.58,19.58,1,1.14,
KMT-2020-BLG-0117,SAO34N0607.030904,18:05:29.21,-32:27:38.30,8919.45807,13.61,0.264,19.35,19.57,19.57,1,0.85,MB20058
KMT-2020-BLG-0118,SSO35N0705.014886,18:05:19.12,-26:23:12.59,8945.7573,32.8,0.182,18.91,18.67,18.67,1,1.71,
KMT-2020-BLG-0119,BLG35T0502.016874,18:01:41.26,-26:42:19.55,8918.43924,141.61,0.011,23.05,19.67,19.67,2,2.55,MB20048
KMT-2020-BLG-0120,BLG37K0206.000645,17:43:30.57,-34:40:07.10,8938.60153,22.52,0.758,15.77,15.6,15.6,2,1.64,
KMT-2020-BLG-0121,BLG37K0308.026656,17:42:34.83,-34:19:39.61,8920.26782,34.18,0.526,19.39,19.56,19.56,1,2.08,
KMT-2020-BLG-0122,BLG37K0703.001334,17:40:27.69,-34:58:32.27,8992.70452,104.94,0.038,16.67,16.61,16.61,2,2.32,
KMT-2020-BLG-0123,BLG37M0403.032142,17:47:26.53,-34:57:27.79,8932.27995,187.21,0.003,23.58,19.08,19.08,1,0.91,
KMT-2020-BLG-0124,SAO37M0608.057591,17:46:18.96,-34:20:42.29,8936.90536,20.8,0.066,20.04,20.0,20.11,1,1.53,
KMT-2020-BLG-0125,BLG37T0501.040474,17:41:42.74,-36:22:40.08,8916.75673,38.32,0.054,20.76,20.0,21.15,2,1.8,
KMT-2020-BLG-0126,BLG41K0405.013645,17:52:05.37,-30:40:58.69,8916.25082,180.23,0.002,22.91,18.36,18.36,1,1.87,MB20044
KMT-2020-BLG-0127,BLG41K0801.018699,17:49:19.47,-31:10:41.99,8920.28747,10.25,0.481,19.99,20.0,21.3,2,4.73,
KMT-2020-BLG-0128,BLG41M0203.004998,17:57:55.63,-30:49:53.11,8918.70039,7.75,0.152,17.1,16.99,16.99,1,1.33,MB20041
KMT-2020-BLG-0129,BLG41M0805.040325,17:54:34.15,-30:36:15.91,8926.89602,4.25,0.15,19.78,20.0,20.17,1,2.86,
KMT-2020-BLG-0130,BLG41N0406.025104,17:56:43.81,-31:35:39.30,8937.75604,139.03,0.088,21.36,19.13,19.13,1,1.68,
KMT-2020-BLG-0131,BLG41N0807.004055,17:54:32.14,-31:33:11.48,8908.82096,24.25,0.081,20.9,16.49,16.49,1,1.33,MB20032
KMT-2020-BLG-0132,BLG42K0208.025161,17:53:10.77,-28:09:13.28,8914.9554,6.89,0.029,20.4,20.0,20.57,2,3.85,
KMT-2020-BLG-0133,SSO42M0407.076127,17:56:58.30,-28:15:03.20,8930.28609,2.4,0.111,20.39,20.0,20.02,1,1.94,
KMT-2020-BLG-0134,SAO42M0604.027917,17:55:47.07,-28:38:17.09,9037.28536,11.23,0.453,19.03,19.39,19.39,4,1.94,MB20033
KMT-2020-BLG-0135,SAO42N0405.008773,17:56:53.52,-29:39:08.89,8982.79198,86.47,0.17,17.62,17.35,17.35,1,1.6,MB20068
KMT-2020-BLG-0136,SAO42N0601.088643,17:55:35.37,-30:09:47.05,8930.77517,4.77,0.002,20.1,20.0,21.43,2,1.71,
KMT-2020-BLG-0137,BLG42N0805.050899,17:54:19.66,-29:37:53.51,8931.82064,10.68,0.135,19.31,19.02,19.02,1,1.41,
KMT-2020-BLG-0138,SAO42T0505.005304,17:51:20.87,-29:37:43.00,8938.24393,9.79,0.997,17.28,16.87,16.87,1,2.59,
KMT-2020-BLG-0139,SSO42T0705.014927,17:49:58.83,-29:36:47.70,8926.53395,61.28,0.002,23.4,18.46,18.46,1,3.33,
KMT-2020-BLG-0140,BLG43K0101.031543,18:01:08.40,-27:57:49.90,8918.02694,145.32,0.046,22.2,18.73,18.73,1,1.25,
KMT-2020-BLG-0141,SSO43K0503.033558,17:59:10.94,-27:38:35.30,8912.86225,20.57,0.128,18.86,19.09,19.09,1,2.21,MB20029
KMT-2020-BLG-0142,BLG43K0602.002335,17:58:21.85,-27:53:10.21,8920.12119,9.67,0.173,16.34,16.31,16.31,1,2.38,MB20031
KMT-2020-BLG-0143,BLG43K0701.018758,17:57:54.64,-27:56:10.54,8921.68669,9.27,0.284,20.05,19.25,19.25,2,2.56,
KMT-2020-BLG-0144,SAO43M0601.061436,18:03:25.16,-27:57:59.51,8932.13431,62.29,0.008,23.36,19.61,19.61,1,0.94,
KMT-2020-BLG-0145,SAO43N0208.013883,18:05:36.94,-28:10:34.28,8923.01561,199.96,0.018,22.68,17.88,17.88,1,0.73,
KMT-2020-BLG-0146,SSO43N0407.055647,18:04:27.62,-28:15:00.22,8919.25108,7.18,0.121,19.39,19.25,19.25,1,0.85,MB20050
KMT-2020-BLG-0147,SSO43N0701.023498,18:02:51.05,-29:03:32.29,8930.70905,199.97,0.003,23.36,18.45,18.45,1,0.96,
KMT-2020-BLG-0148,SAO43N0707.062648,18:02:48.70,-28:15:24.98,8922.31228,182.96,0.003,24.42,19.23,19.23,1,0.84,
KMT-2020-BLG-0149,BLG43N0808.049847,18:02:10.25,-28:09:42.19,8930.28115,5.14,0.286,18.77,19.12,19.12,1,1.11,
KMT-2020-BLG-0150,SSO43T0406.032021,17:59:46.73,-28:24:41.80,8938.4943,9.02,0.518,18.55,18.7,18.7,1,1.39,
KMT-2020-BLG-0151,SSO43T0501.004289,17:58:48.53,-29:06:04.72,8923.79984,156.91,0.009,22.82,15.8,15.8,1,1.06,
KMT-2020-BLG-0152,SAO43T0803.032012,17:57:19.11,-28:46:15.38,8944.87581,43.51,0.397,19.33,18.78,18.78,1,1.46,
KMT-2020-BLG-0153,SSO43T0804.098120,17:57:04.42,-28:42:39.31,8926.22898,26.29,0.013,23.38,20.0,20.74,1,1.87,
KMT-2020-BLG-0154,SSO02M0603.028946,17:55:44.64,-28:42:37.04,8936.56668,24.88,0.066,20.5,18.88,18.88,2,1.9,
KMT-2020-BLG-0155,SSO04T0206.044832,18:02:54.19,-30:23:26.30,8939.2625,14.53,0.146,19.23,19.27,19.27,1,0.92,
KMT-2020-BLG-0156,SSO18T0803.095905,17:41:46.71,-27:26:03.01,8938.63296,9.1,0.537,19.43,20.0,22.12,2,3.46,
KMT-2020-BLG-0157,BLG01T0104.081935,17:54:06.08,-31:48:15.41,8928.75186,13.54,0.469,19.71,20.0,25.0,3,1.87,
KMT-2020-BLG-0158,SSO14M0806.002675,17:37:07.94,-28:10:20.39,8949.4263,13.53,0.319,18.38,18.41,18.41,2,3.71,
KMT-2020-BLG-0159,SSO20N0706.003426,17:47:11.09,-22:57:15.52,8940.07325,126.54,0.014,22.5,16.77,16.77,1,1.37,
KMT-2020-BLG-0160,SSO02N0104.078472,17:58:49.10,-29:35:22.09,8939.30779,6.41,0.336,19.91,19.89,19.89,1,1.21,
KMT-2020-BLG-0161,SSO02T0407.059910,17:52:24.81,-29:17:00.60,8939.68844,1.94,0.384,19.53,20.0,20.34,1,3.14,
KMT-2020-BLG-0162,SSO14K0105.002635,17:36:37.72,-28:12:56.56,8951.6385,19.11,0.278,18.77,18.47,18.47,2,3.59,
KMT-2020-BLG-0163,SAO14K0202.001685,17:36:05.04,-28:38:31.78,8929.62993,21.3,0.873,17.01,17.13,17.13,2,2.92,
KMT-2020-BLG-0164,SSO14T0405.001822,17:34:39.31,-29:25:47.46,8936.80345,61.66,0.162,20.58,17.27,17.27,2,2.97,
KMT-2020-BLG-0165,SSO15K0701.004756,17:32:59.79,-26:42:52.78,8946.12922,14.27,0.384,19.38,19.0,19.0,2,2.86,
KMT-2020-BLG-0166,SSO15N0801.002390,17:37:16.54,-27:49:15.60,8950.91941,17.24,0.997,18.37,17.83,17.83,2,3.04,
KMT-2020-BLG-0167,SSO18K0107.021597,17:45:31.57,-25:50:17.34,8960.55401,81.57,0.011,20.2,20.0,20.11,2,2.76,
KMT-2020-BLG-0168,SSO22T0601.028132,17:50:39.23,-34:15:19.01,8940.81806,22.03,0.103,20.84,19.88,19.88,2,1.6,
KMT-2020-BLG-0169,SSO43M0302.090788,18:05:15.72,-27:52:29.39,8935.79737,17.8,0.002,20.92,20.0,20.21,1,0.98,
KMT-2020-BLG-0170,SSO02K0503.025029,17:51:33.85,-28:42:29.92,8945.15628,7.29,0.124,19.89,20.0,20.7,2,4.2,
KMT-2020-BLG-0171,SSO02N0602.040839,17:55:59.72,-29:57:22.00,8946.50029,118.56,0.021,23.15,19.22,19.22,1,1.7,
KMT-2020-BLG-0172,SSO02T0703.018773,17:50:23.35,-29:45:55.30,9036.42523,18.38,0.885,19.35,18.95,18.95,1,3.24,
KMT-2020-BLG-0173,SSO03M0604.021282,18:03:25.83,-27:26:15.11,8946.04406,7.43,0.376,18.88,18.84,18.84,1,1.53,
KMT-2020-BLG-0174,SSO18K0307.095000,17:44:42.12,-25:54:57.13,8940.13873,16.62,0.044,21.52,20.0,25.0,3,3.14,
KMT-2020-BLG-0175,SSO32K0807.001984,18:06:55.48,-27:02:14.89,8952.40521,19.87,0.999,15.59,15.48,15.48,1,0.91,MB20036
KMT-2020-BLG-0176,SSO42K0206.017973,17:53:00.64,-28:22:34.61,8948.38976,13.99,0.203,18.94,19.07,19.07,2,2.7,
KMT-2020-BLG-0177,SSO43K0504.023602,17:59:15.81,-27:34:43.90,8948.6943,14.38,0.157,18.7,18.84,18.84,1,2.03,
KMT-2020-BLG-0178,SSO02T0401.001758,17:52:07.94,-29:58:46.49,8955.0351,12.09,0.5,17.1,15.71,15.71,1,2.29,
KMT-2020-BLG-0179,SSO04K0407.045113,18:01:30.35,-29:12:46.19,8944.71805,20.11,0.191,19.47,19.07,19.07,1,1.32,
KMT-2020-BLG-0180,SSO16N0401.000432,17:39:50.96,-25:37:51.78,8978.90228,31.16,0.378,16.41,16.43,16.43,2,3.13,
KMT-2020-BLG-0181,SSO37T0808.041983,17:39:44.53,-35:29:48.19,8951.69519,27.6,0.531,19.88,20.0,20.84,2,2.18,
KMT-2020-BLG-0182,SSO15N0306.041990,17:39:53.98,-27:08:39.12,8950.20531,14.87,0.244,19.71,20.0,20.88,2,2.92,
KMT-2020-BLG-0183,SSO01K0504.008755,17:51:45.60,-30:35:02.51,8954.43338,184.96,0.073,21.43,17.87,17.87,1,2.92,
KMT-2020-BLG-0184,SSO12M0805.000596,17:27:46.24,-27:10:42.74,8961.19794,12.15,0.216,16.74,16.72,16.72,2,2.48,
KMT-2020-BLG-0185,SSO22K0706.001260,17:50:11.93,-32:32:32.60,8973.91453,28.3,0.401,17.94,17.57,17.57,2,3.28,
KMT-2020-BLG-0186,SSO01M0604.006362,17:56:06.21,-30:37:35.29,8952.03021,7.02,0.176,17.67,17.17,17.17,1,1.82,
KMT-2020-BLG-0187,SSO11K0204.080977,17:26:29.24,-29:27:48.92,8953.78596,15.51,0.087,21.11,20.0,21.29,2,1.81,
KMT-2020-BLG-0188,SSO14T0601.003002,17:33:21.61,-29:52:21.79,8957.09231,8.85,0.144,17.77,17.84,17.84,2,2.78,
KMT-2020-BLG-0189,SSO18K0805.057009,17:41:51.85,-26:06:14.33,8957.66991,8.11,0.87,19.71,20.0,21.5,2,3.07,
KMT-2020-BLG-0190,SSO02T0107.057891,17:54:03.07,-29:14:28.79,8956.26375,4.29,0.237,19.46,19.31,19.31,1,1.67,
KMT-2020-BLG-0191,SSO02T0207.035087,17:53:18.74,-29:17:16.30,8962.10313,4.82,0.154,18.8,18.93,18.93,1,2.05,
KMT-2020-BLG-0192,SSO03M0702.094284,18:03:10.09,-27:44:33.40,8961.38012,22.95,0.038,19.45,20.0,20.42,1,1.02,
KMT-2020-BLG-0193,SSO03T0305.085112,18:00:18.48,-28:24:38.48,9042.45264,4.18,0.163,19.48,19.81,19.81,1,1.26,
KMT-2020-BLG-0194,SSO04N0306.019771,18:06:56.03,-30:21:29.20,8957.20119,7.58,0.245,18.75,18.84,18.84,1,0.83,
KMT-2020-BLG-0195,SSO15K0503.017336,17:34:01.52,-26:21:54.54,8957.85993,35.34,0.01,21.48,20.0,20.53,2,2.77,
KMT-2020-BLG-0196,SSO15N0204.013126,17:40:44.16,-27:22:08.54,8961.85603,77.68,0.045,21.81,19.56,19.56,2,3.28,
KMT-2020-BLG-0197,SSO16K0407.024079,17:35:02.86,-23:44:57.41,8956.86479,71.38,0.015,24.59,19.95,19.95,1,1.87,
KMT-2020-BLG-0198,SSO16N0304.061447,17:40:02.35,-25:17:39.55,8956.70629,45.7,0.051,22.74,20.0,21.61,2,2.76,
KMT-2020-BLG-0199,SSO17K0203.011430,17:43:38.77,-32:50:26.52,8954.74769,5.97,0.195,19.68,19.67,19.67,2,3.06,
KMT-2020-BLG-0200,SSO18K0105.039655,17:45:37.52,-26:07:03.50,8956.70261,10.87,0.084,21.25,20.0,20.67,2,2.82,
KMT-2020-BLG-0201,SSO18T0503.057628,17:43:21.93,-27:30:41.98,8958.0561,52.55,0.454,20.57,20.0,21.35,2,3.18,
KMT-2020-BLG-0202,SSO19M0502.004232,17:48:09.71,-24:28:28.02,8958.61241,66.54,0.005,21.69,17.84,17.84,2,2.82,
KMT-2020-BLG-0203,SSO20T0507.026164,17:43:23.96,-22:43:12.68,8955.13928,8.59,0.352,19.89,19.92,19.92,2,1.67,
KMT-2020-BLG-0204,SSO34K0708.000786,18:00:01.74,-31:08:38.90,8958.3794,17.82,0.999,16.61,15.15,15.15,1,1.44,
KMT-2020-BLG-0205,SSO37K0204.007083,17:43:32.05,-34:55:46.02,8958.9254,22.67,0.109,19.03,18.99,18.99,2,2.17,
KMT-2020-BLG-0206,SSO37M0602.047096,17:46:26.01,-35:04:09.52,8954.91295,34.0,0.115,19.5,19.8,19.8,1,1.31,
KMT-2020-BLG-0207,SSO42K0103.016741,17:53:40.41,-28:43:57.83,8967.73794,35.01,0.421,18.43,18.5,18.5,2,2.02,
KMT-2020-BLG-0208,SSO42M0701.042211,17:55:04.39,-29:00:56.12,8954.37672,7.21,0.151,19.39,19.43,19.43,2,1.92,
KMT-2020-BLG-0209,SSO43N0508.037566,18:03:52.89,-28:12:46.58,8968.09993,199.68,0.007,21.82,18.9,18.9,1,0.95,
KMT-2020-BLG-0210,SSO43N0708.067003,18:02:52.18,-28:12:10.80,8955.21171,10.19,0.338,19.23,19.35,19.35,1,0.81,
KMT-2020-BLG-0211,SSO01M0504.015173,17:56:50.34,-30:35:03.59,8958.8258,5.11,0.049,19.7,18.65,18.65,1,1.89,
KMT-2020-BLG-0212,SSO03M0108.022391,18:06:04.73,-26:56:48.01,8961.66871,20.53,0.043,19.16,18.52,18.52,1,1.07,
KMT-2020-BLG-0213,SSO12T0605.049610,17:24:19.72,-28:17:08.74,8958.85325,16.73,0.076,21.22,20.0,21.4,2,2.01,
KMT-2020-BLG-0214,SSO14M0102.029941,17:41:24.38,-28:35:57.73,8960.95306,15.68,0.093,21.32,20.0,21.9,3,5.45,
KMT-2020-BLG-0215,SSO18K0302.052707,17:44:21.66,-26:32:27.28,8963.02877,9.55,0.452,19.82,20.0,21.55,2,3.39,
KMT-2020-BLG-0216,SSO19M0402.022178,17:48:30.90,-24:22:55.67,9018.83544,199.93,0.057,19.9,20.0,20.25,2,2.86,
KMT-2020-BLG-0217,SSO38K0702.040255,17:51:21.95,-22:16:56.71,8965.64678,154.97,0.035,23.13,20.0,20.48,1,2.25,
KMT-2020-BLG-0218,SSO42N0801.016965,17:54:22.01,-30:08:07.19,8963.91386,199.83,0.002,22.37,18.36,18.36,1,1.44,
KMT-2020-BLG-0219,SSO01K0505.040637,17:51:39.31,-30:28:20.78,9042.28694,7.76,0.002,19.45,20.0,20.19,1,2.75,
KMT-2020-BLG-0220,SSO01M0808.036375,17:54:47.11,-30:09:30.10,8972.83632,10.42,0.853,18.78,18.98,18.98,2,1.35,
KMT-2020-BLG-0221,BLG01N0708.004083,17:55:31.90,-31:12:59.69,8928.04276,9.1,0.984,18.24,16.47,16.47,1,1.48,
KMT-2020-BLG-0222,SSO02M0308.044693,17:57:27.29,-28:01:19.99,8992.99953,29.86,0.158,20.39,19.9,19.9,1,2.27,
KMT-2020-BLG-0223,SSO02N0101.011220,17:58:40.93,-30:03:40.00,8978.64484,14.1,0.334,19.12,17.85,17.85,1,1.32,
KMT-2020-BLG-0224,SSO02N0208.003443,17:58:08.67,-29:08:13.31,8986.79031,9.95,0.201,16.14,15.76,15.76,1,1.27,
KMT-2020-BLG-0225,SSO02N0305.055091,17:57:48.11,-29:33:22.28,8974.1308,51.88,0.007,21.18,19.38,19.38,1,1.41,
KMT-2020-BLG-0226,SSO02N0405.004012,17:57:19.46,-29:29:46.10,8973.8472,1.97,0.994,16.91,16.14,16.14,1,1.6,
KMT-2020-BLG-0227,SSO02N0802.048306,17:54:45.46,-29:54:56.99,8971.32071,5.54,0.195,18.65,18.96,18.96,1,1.4,
KMT-2020-BLG-0228,SSO02T0204.009972,17:53:10.07,-29:38:40.49,8979.18307,26.09,0.367,17.47,17.12,17.12,1,1.96,
KMT-2020-BLG-0229,SSO02T0207.002090,17:53:13.86,-29:13:38.21,8990.43943,10.54,0.238,15.55,15.56,15.56,1,2.12,
KMT-2020-BLG-0230,SSO02T0706.031245,17:50:32.27,-29:25:44.00,8977.26838,4.33,0.372,20.09,20.0,20.07,1,3.54,
KMT-2020-BLG-0231,SSO03M0508.027671,18:03:50.07,-26:55:22.51,8975.34027,30.53,0.147,19.73,18.94,18.94,1,1.59,
KMT-2020-BLG-0232,SSO03M0608.064683,18:03:15.78,-26:57:29.09,8982.84078,14.17,0.059,19.71,20.0,20.16,1,1.84,
KMT-2020-BLG-0233,SSO03N0203.012639,18:05:57.52,-28:39:12.82,8993.24121,16.32,0.473,18.14,18.15,18.15,1,0.93,
KMT-2020-BLG-0234,SSO03N0302.043163,18:05:30.29,-28:47:42.22,8971.85554,8.73,0.825,18.69,19.07,19.07,1,0.9,
KMT-2020-BLG-0235,SSO03N0701.064147,18:02:48.93,-28:54:32.29,8975.69354,9.99,0.188,20.8,19.38,19.38,1,0.82,
KMT-2020-BLG-0236,SSO04K0505.026857,18:01:19.84,-29:27:02.81,8987.36368,94.28,0.203,18.99,18.72,18.72,1,1.44,MB20092
KMT-2020-BLG-0237,SSO04N0807.039635,18:04:13.40,-30:13:55.60,8996.37993,50.08,0.185,19.43,19.34,19.34,1,1.02,
KMT-2020-BLG-0238,SSO04T0205.001936,18:02:40.95,-30:31:29.89,8986.42954,27.96,0.588,16.61,15.78,15.78,1,1.14,MB20101
KMT-2020-BLG-0239,SSO11K0105.004170,17:26:56.10,-29:18:56.99,8965.87267,12.63,0.831,17.18,17.13,17.13,1,1.96,
KMT-2020-BLG-0240,SSO11K0808.021664,17:23:07.00,-28:57:53.71,8924.83568,1.14,0.487,21.61,20.0,20.2,2,1.77,
KMT-2020-BLG-0241,SSO11M0508.009643,17:29:32.25,-28:59:51.11,8979.80159,21.25,0.33,19.3,19.18,19.18,2,2.18,
KMT-2020-BLG-0242,SSO11N0108.041359,17:32:16.57,-30:04:56.78,8976.49243,14.03,0.524,19.47,20.0,20.19,2,1.97,
KMT-2020-BLG-0243,SSO12K0206.005183,17:26:52.94,-27:05:21.70,8999.52572,70.96,0.328,19.35,19.35,19.35,2,2.41,
KMT-2020-BLG-0244,SSO12N0505.048577,17:29:51.22,-28:19:09.73,8974.1974,20.13,0.076,20.5,20.0,20.78,2,2.0,
KMT-2020-BLG-0245,SSO12T0407.003212,17:25:32.76,-28:04:59.05,9040.36114,68.91,0.353,17.57,17.6,17.6,2,1.8,
KMT-2020-BLG-0246,SSO13N0507.008103,17:37:07.12,-34:36:03.10,8993.27932,51.32,0.356,19.65,19.23,19.23,2,3.28,
KMT-2020-BLG-0247,SSO14K0101.005019,17:36:41.49,-28:46:18.80,9022.02409,107.21,0.463,18.2,18.08,18.08,2,3.1,
KMT-2020-BLG-0248,SSO14K0103.001709,17:36:28.46,-28:34:11.28,8983.19254,52.08,0.526,18.77,17.44,17.44,2,3.33,
KMT-2020-BLG-0249,SSO14K0202.009497,17:35:56.52,-28:36:05.83,8984.70809,27.94,0.052,18.87,18.92,18.92,2,3.05,
KMT-2020-BLG-0250,SSO14K0502.099444,17:34:22.48,-28:40:22.51,8977.55126,5.59,0.955,19.98,20.0,25.0,3,3.53,
KMT-2020-BLG-0251,SSO14K0507.003739,17:34:01.01,-28:00:59.98,8989.68625,26.3,0.829,17.66,17.62,17.62,2,2.63,
KMT-2020-BLG-0252,SSO14K0705.003331,17:33:12.00,-28:15:04.21,8976.07207,11.95,0.165,17.37,17.39,17.39,2,2.47,
KMT-2020-BLG-0253,SSO14M0401.015254,17:39:24.24,-28:46:51.82,8981.88002,46.0,0.179,20.5,20.0,20.85,2,4.51,
KMT-2020-BLG-0254,SSO14M0703.012230,17:37:59.90,-28:28:46.92,8976.90724,23.5,0.082,21.47,19.53,19.53,2,3.39,
KMT-2020-BLG-0255,SSO14T0408.018509,17:34:35.05,-29:01:38.82,8975.86077,12.52,0.004,19.42,20.0,20.25,2,3.22,
KMT-2020-BLG-0256,SSO15K0207.023196,17:35:46.27,-25:53:57.84,8971.77033,36.0,0.089,21.03,20.0,21.0,2,2.98,
KMT-2020-BLG-0257,SSO15K0403.000144,17:34:51.00,-26:26:33.00,8996.56072,47.93,0.374,17.26,15.36,15.36,2,2.83,MB20094
KMT-2020-BLG-0258,SSO15K0803.006680,17:32:21.56,-26:27:12.35,8984.76736,27.1,0.455,19.98,20.0,20.54,2,3.49,
KMT-2020-BLG-0259,SSO15N0501.014468,17:38:42.84,-27:47:35.41,8971.99588,11.6,0.221,20.03,19.38,19.38,2,2.66,
KMT-2020-BLG-0260,SSO15N0503.006284,17:39:11.28,-27:30:36.14,8993.4034,56.69,0.136,18.17,17.98,17.98,2,2.5,
KMT-2020-BLG-0261,SSO15T0205.006798,17:36:01.61,-27:18:10.51,9006.94808,46.44,0.302,19.8,17.85,17.85,1,2.39,
KMT-2020-BLG-0262,SSO15T0306.028869,17:35:29.43,-27:09:38.41,9000.6537,35.14,0.45,19.46,19.39,19.39,1,2.0,
KMT-2020-BLG-0263,SSO16T0502.000639,17:34:29.64,-25:31:30.68,8978.56913,10.33,0.437,19.41,19.51,19.51,2,5.74,
KMT-2020-BLG-0264,SSO17K0505.036944,17:41:42.78,-32:34:49.30,8964.72843,23.34,0.766,19.75,20.0,21.52,2,3.73,
KMT-2020-BLG-0265,SSO17K0806.000058,17:39:56.75,-32:30:27.40,8939.19241,70.23,0.943,15.33,14.89,14.89,2,4.91,
KMT-2020-BLG-0266,SSO17N0202.000618,17:48:54.61,-34:03:32.80,9032.17257,43.61,0.565,15.02,15.01,15.01,1,1.31,
KMT-2020-BLG-0267,SSO17N0702.050553,17:45:59.23,-34:06:06.59,8974.77592,9.46,0.046,21.17,19.78,19.78,1,1.6,
KMT-2020-BLG-0268,SSO18K0703.005711,17:42:12.62,-26:25:15.85,8979.60958,6.26,0.978,18.33,18.35,18.35,2,3.1,
KMT-2020-BLG-0269,SSO18K0808.001088,17:41:47.13,-25:43:41.48,8975.7779,8.58,0.391,16.66,16.65,16.65,2,2.6,
KMT-2020-BLG-0270,SSO22K0203.023434,17:53:12.41,-32:52:44.40,8997.37905,48.54,0.424,19.32,19.1,19.1,1,1.53,
KMT-2020-BLG-0271,SSO22K0505.046796,17:51:40.45,-32:35:44.92,8982.29647,15.55,0.973,19.76,19.96,19.96,1,1.76,
KMT-2020-BLG-0272,SSO22K0507.068102,17:51:46.47,-32:24:31.10,8976.44893,17.64,0.47,19.67,20.0,20.85,1,2.18,
KMT-2020-BLG-0273,SSO22M0305.008162,17:57:55.56,-32:34:17.11,9000.4785,38.82,0.115,18.76,18.1,18.1,1,1.34,
KMT-2020-BLG-0274,SSO22M0501.038524,17:56:23.48,-33:04:03.22,8994.56262,28.35,0.169,19.15,19.5,19.5,1,1.23,
KMT-2020-BLG-0275,SSO22N0407.069369,17:57:24.12,-33:27:56.59,8995.07678,58.18,0.104,20.32,20.0,20.44,1,1.01,
KMT-2020-BLG-0276,SSO31K0404.020626,18:11:34.82,-25:22:22.69,8988.61634,62.32,0.119,20.16,19.49,19.49,1,1.8,
KMT-2020-BLG-0277,SSO32M0606.001492,18:13:01.29,-27:10:15.31,8983.96719,23.17,0.503,16.71,15.34,15.34,1,0.57,
KMT-2020-BLG-0278,SSO32T0601.003263,18:08:01.01,-28:57:57.82,8990.83686,21.1,0.135,16.44,16.48,16.48,1,0.73,MB20076
KMT-2020-BLG-0279,SSO33K0401.041655,18:11:20.88,-29:52:38.89,8977.39392,30.56,0.023,20.68,19.66,19.66,1,0.55,
KMT-2020-BLG-0280,SSO33K0501.066200,18:10:25.77,-29:56:24.90,9153.98689,14.02,0.004,20.3,20.0,20.85,1,0.67,
KMT-2020-BLG-0281,SSO33M0208.013280,18:17:05.47,-29:03:33.73,9036.65213,85.89,0.312,18.7,18.5,18.5,2,0.48,
KMT-2020-BLG-0282,SSO33T0508.031186,18:10:21.03,-30:08:56.29,8982.97599,31.31,0.088,20.32,19.41,19.41,1,0.8,
KMT-2020-BLG-0283,SSO34K0808.001781,17:59:32.27,-31:08:21.98,8989.4353,22.2,0.546,16.0,16.0,16.0,1,1.78,MB20089
KMT-2020-BLG-0284,SSO35M0106.021066,18:08:41.15,-25:04:22.30,8974.95187,48.36,0.293,19.41,19.44,19.44,1,1.91,
KMT-2020-BLG-0285,SSO35N0708.004352,18:05:09.84,-25:55:18.91,9007.3871,31.2,0.17,17.3,17.31,17.31,1,2.15,
KMT-2020-BLG-0286,SSO35T0701.002537,18:00:29.48,-26:46:05.70,8987.9572,144.11,0.433,17.56,17.49,17.49,2,3.38,MB20027
KMT-2020-BLG-0287,SSO37M0306.016600,17:47:50.01,-34:37:15.20,8980.2775,11.4,0.862,18.57,18.78,18.78,1,1.34,
KMT-2020-BLG-0288,SSO38K0305.002058,17:53:26.87,-21:54:28.76,8991.51666,57.17,0.832,16.57,16.59,16.59,4,2.08,
KMT-2020-BLG-0289,SSO38N0606.004873,17:56:14.46,-22:51:53.24,8975.99139,64.65,0.095,21.45,19.54,19.54,4,4.74,
KMT-2020-BLG-0290,SSO41M0708.022652,17:55:08.78,-30:12:37.30,8969.80823,199.53,0.05,22.1,18.9,18.9,1,1.35,
KMT-2020-BLG-0291,SSO41T0308.045855,17:52:37.07,-31:19:52.61,8977.94569,5.93,0.204,20.53,20.0,20.16,1,2.24,
KMT-2020-BLG-0292,SSO42M0602.018282,17:55:38.34,-28:51:28.94,8990.4669,19.64,0.088,18.74,18.47,18.47,2,1.94,
KMT-2020-BLG-0293,SSO42M0608.008796,17:55:30.36,-28:05:31.45,8975.75204,2.82,0.247,18.46,18.62,18.62,2,3.34,
KMT-2020-BLG-0294,SSO42M0707.036410,17:55:07.12,-28:15:00.65,9018.40295,199.99,0.037,20.49,20.0,20.26,2,2.86,MB20103
KMT-2020-BLG-0295,SSO42N0107.024371,17:58:48.53,-29:26:28.21,8980.67153,7.15,0.048,19.17,18.44,18.44,1,1.43,
KMT-2020-BLG-0296,SSO42N0204.029145,17:57:57.38,-29:43:07.00,8978.89493,60.47,0.002,22.94,18.6,18.6,1,1.28,
KMT-2020-BLG-0297,SSO42T0207.046260,17:53:01.28,-29:24:01.01,8978.89354,13.58,0.253,19.38,19.46,19.46,1,2.4,
KMT-2020-BLG-0298,SSO42T0506.029974,17:51:16.65,-29:34:52.90,8984.5179,45.65,0.308,20.45,19.53,19.53,1,2.7,
KMT-2020-BLG-0299,SSO43N0103.002180,18:05:56.82,-28:50:35.30,8981.3884,9.67,0.625,15.6,15.62,15.62,1,0.93,
KMT-2020-BLG-0300,SSO43T0108.074145,18:01:24.62,-28:12:02.99,8974.94942,22.82,0.067,20.52,19.98,19.98,1,1.45,
KMT-2020-BLG-0301,SSO01N0708.048044,17:55:19.80,-31:15:40.39,8982.49943,9.32,0.504,19.27,19.55,19.55,1,1.47,
KMT-2020-BLG-0302,SSO01T0601.021947,17:51:04.10,-32:08:33.68,8985.91273,54.64,0.049,21.49,20.0,20.27,1,2.33,
KMT-2020-BLG-0303,SSO02M0203.020569,17:58:01.21,-28:36:00.50,8987.0549,17.72,0.168,19.63,18.42,18.42,1,1.59,
KMT-2020-BLG-0304,SSO02T0105.017197,17:54:03.67,-29:34:27.41,8986.3258,7.63,0.673,17.92,18.06,18.06,1,1.78,
KMT-2020-BLG-0305,SSO02T0403.018236,17:52:15.42,-29:44:38.29,9000.9863,118.5,0.953,18.79,18.36,18.36,1,2.22,
KMT-2020-BLG-0306,SSO11M0305.009482,17:31:03.64,-29:18:34.81,8986.77221,19.7,0.019,19.77,19.68,19.68,2,3.14,
KMT-2020-BLG-0307,SSO12N0706.002811,17:28:31.77,-28:14:36.02,8993.73264,16.18,0.316,17.53,17.48,17.48,2,2.14,
KMT-2020-BLG-0308,SSO14T0803.014056,17:32:33.29,-29:38:10.97,8999.17188,53.71,0.062,20.24,19.93,19.93,2,3.14,
KMT-2020-BLG-0309,SSO15M0804.008877,17:37:02.34,-26:19:55.42,8991.09334,17.8,0.002,19.46,19.8,19.8,2,2.82,
KMT-2020-BLG-0310,SSO15T0806.087200,17:32:13.88,-27:11:28.39,8979.84029,157.98,0.013,24.3,20.0,22.91,2,2.89,
KMT-2020-BLG-0311,SSO17K0204.034407,17:43:38.52,-32:41:59.96,8981.95876,30.39,0.093,21.64,20.0,21.95,2,4.38,
KMT-2020-BLG-0312,SSO17N0203.058793,17:49:00.88,-33:56:50.39,8980.87553,95.48,0.02,23.14,20.0,20.01,1,1.65,
KMT-2020-BLG-0313,SSO34K0708.056050,17:59:58.28,-31:11:47.90,8981.47908,30.11,0.034,20.12,19.96,19.96,1,1.36,
KMT-2020-BLG-0314,SSO36N0503.001226,18:18:00.81,-24:25:31.19,8988.81473,11.36,0.511,15.73,15.73,15.73,1,0.97,
KMT-2020-BLG-0315,SSO41K0105.008188,17:53:30.79,-30:38:55.00,9000.98092,17.42,0.144,17.32,17.61,17.61,1,2.21,MB20086
KMT-2020-BLG-0316,SSO42T0301.070546,17:52:37.63,-30:11:33.40,9042.01677,7.33,0.342,19.49,20.0,20.02,2,1.63,
KMT-2020-BLG-0317,SSO42T0403.003799,17:51:53.40,-29:51:31.00,9102.38703,185.33,0.371,17.01,16.57,16.57,1,2.46,
KMT-2020-BLG-0318,SSO43K0402.065778,17:59:31.75,-27:47:59.39,8990.60897,13.81,0.259,19.68,19.97,19.97,1,1.9,
KMT-2020-BLG-0319,SSO01T0406.061999,17:52:01.75,-31:33:35.17,8986.98126,5.26,0.249,19.64,20.0,21.79,2,2.76,
KMT-2020-BLG-0320,SSO02M0802.047260,17:54:58.90,-28:49:22.19,8988.88966,96.58,0.061,22.87,19.72,19.72,2,2.03,
KMT-2020-BLG-0321,SSO02N0808.089893,17:55:01.42,-29:07:15.10,8985.91214,45.11,0.04,22.62,20.0,20.52,1,2.28,
KMT-2020-BLG-0322,SSO04M0507.083570,18:05:51.22,-29:13:37.34,8984.61814,16.84,0.008,20.67,20.0,23.56,2,0.95,
KMT-2020-BLG-0323,SSO04T0107.051265,18:03:31.02,-30:18:41.29,8988.04051,21.41,0.013,20.15,19.54,19.54,1,1.02,
KMT-2020-BLG-0324,SSO14K0705.038929,17:32:52.86,-28:16:34.90,8985.19927,7.84,0.116,20.17,20.0,20.52,2,2.53,
KMT-2020-BLG-0325,SSO14M0305.031725,17:39:51.54,-28:13:04.87,8983.62529,5.48,0.083,20.45,20.0,20.85,2,2.92,
KMT-2020-BLG-0326,SSO14M0407.038089,17:39:26.38,-27:58:50.05,9001.20803,29.94,0.259,20.06,20.0,20.67,2,3.04,
KMT-2020-BLG-0327,SSO17N0701.012643,17:45:46.05,-34:17:52.40,8981.8751,10.13,0.3,18.2,18.42,18.42,1,1.39,
KMT-2020-BLG-0328,SSO20T0401.022319,17:43:56.90,-23:31:05.41,9041.63794,123.35,0.002,24.63,19.25,19.25,1,1.79,
KMT-2020-BLG-0329,SSO32K0805.017338,18:06:50.90,-27:18:57.60,8985.88884,130.75,0.016,22.44,18.1,18.1,1,0.77,
KMT-2020-BLG-0330,SSO33N0605.011521,18:14:38.18,-30:35:06.65,8996.05035,25.13,0.447,19.24,18.47,18.47,4,0.53,
KMT-2020-BLG-0331,SSO34K0402.008886,18:01:49.13,-31:56:52.19,8995.44222,19.51,0.535,18.32,18.28,18.28,1,1.1,
KMT-2020-BLG-0332,SSO35N0308.010719,18:07:35.59,-25:54:47.41,8986.06198,12.53,0.83,18.21,18.19,18.19,1,1.36,
KMT-2020-BLG-0333,SSO37K0508.060343,17:41:26.36,-34:20:56.65,8980.86586,31.13,0.335,19.71,20.0,20.98,2,2.08,
KMT-2020-BLG-0334,SSO41K0206.054109,17:52:59.13,-30:30:04.72,8984.26502,51.23,0.076,22.94,19.86,19.86,1,2.25,
KMT-2020-BLG-0335,SSO42M0408.065850,17:56:38.52,-28:09:33.70,9098.32283,83.0,0.592,19.62,19.88,19.88,1,1.83,
KMT-2020-BLG-0336,SSO01N0408.003476,17:57:07.15,-31:16:43.90,8997.76558,9.99,0.694,16.27,16.29,16.29,1,1.25,
KMT-2020-BLG-0337,SSO01N0602.045046,17:56:03.28,-31:59:47.62,8989.57584,8.1,0.046,19.57,19.65,19.65,1,1.2,
KMT-2020-BLG-0338,SSO02M0608.028220,17:56:07.57,-27:57:35.24,8986.90839,5.75,0.14,19.6,20.0,20.24,2,2.58,
KMT-2020-BLG-0339,SSO02T0103.102195,17:54:10.45,-29:48:35.50,9119.0128,198.68,0.023,23.29,20.0,20.1,1,1.35,
KMT-2020-BLG-0340,SSO03K0702.061698,17:58:07.94,-27:40:01.09,9042.46569,5.98,0.27,19.51,20.0,20.18,1,1.98,
KMT-2020-BLG-0341,SSO03M0807.006163,18:02:14.79,-27:02:15.61,8991.67628,50.49,0.106,21.0,18.01,18.01,1,2.46,
KMT-2020-BLG-0342,SSO13N0408.000369,17:37:35.41,-34:24:07.92,9020.98028,28.72,0.868,15.78,15.77,15.77,4,2.92,
KMT-2020-BLG-0343,SSO14K0604.047963,17:33:41.65,-28:25:12.00,8992.69781,9.4,0.752,19.75,20.0,20.95,2,2.84,
KMT-2020-BLG-0344,SSO14M0105.006274,17:41:28.82,-28:19:39.83,8990.43143,95.75,0.018,22.89,18.86,18.86,2,4.17,
KMT-2020-BLG-0345,SSO14M0307.006723,17:39:53.79,-28:02:01.82,8989.46313,4.15,0.822,18.58,18.67,18.67,2,3.1,
KMT-2020-BLG-0346,SSO15T0607.017920,17:33:40.37,-26:57:52.78,8985.60093,5.91,0.723,19.73,20.0,20.46,2,2.62,
KMT-2020-BLG-0347,SSO18K0705.015270,17:42:21.04,-26:04:36.88,8996.92098,36.75,0.017,20.15,20.0,20.06,2,2.89,
KMT-2020-BLG-0348,SSO21T0203.003581,17:53:04.40,-36:10:28.49,8988.04011,191.03,0.02,21.54,17.31,17.31,1,0.78,
KMT-2020-BLG-0349,SSO21T0404.008826,17:52:04.98,-35:57:02.92,8991.55792,9.81,0.301,17.98,18.15,18.15,1,0.71,
KMT-2020-BLG-0350,SSO31K0703.008959,18:09:49.48,-25:29:32.39,9018.58377,35.19,0.081,18.26,18.18,18.18,1,1.49,MB20082
KMT-2020-BLG-0351,SSO32T0106.024267,18:10:46.43,-28:19:35.90,9008.29781,41.51,0.391,18.61,18.94,18.94,1,1.13,MB20081
KMT-2020-BLG-0352,SSO32T0602.039855,18:07:40.92,-28:49:40.80,8976.14334,40.43,0.183,19.5,19.27,19.27,1,0.95,
KMT-2020-BLG-0353,SSO35M0602.013850,18:05:54.46,-25:35:34.94,8992.55935,11.57,0.44,18.85,18.96,18.96,4,1.81,
KMT-2020-BLG-0354,SSO35N0303.003749,18:07:32.94,-26:33:43.31,9004.62352,15.89,0.18,16.59,16.54,16.54,1,1.19,MB20080
KMT-2020-BLG-0355,SSO35N0402.050427,18:06:59.32,-26:45:00.79,9125.80377,199.66,0.419,19.47,19.33,19.33,1,0.95,
KMT-2020-BLG-0356,SSO35T0504.010128,18:01:45.20,-26:30:07.38,8983.85092,8.54,0.194,20.25,19.11,19.11,2,2.6,
KMT-2020-BLG-0357,SSO37M0701.056287,17:45:36.87,-35:11:40.31,8982.79056,14.97,0.557,19.66,20.0,20.23,1,1.26,
KMT-2020-BLG-0358,SSO42K0103.034592,17:53:52.09,-28:43:40.33,8985.66069,6.85,0.046,21.63,19.56,19.56,2,2.01,
KMT-2020-BLG-0359,SSO42K0107.009402,17:53:50.98,-28:17:29.65,8986.37685,47.75,0.006,23.14,18.33,18.33,2,2.82,
KMT-2020-BLG-0360,SSO42T0101.002875,17:53:56.59,-30:07:00.41,8994.85696,19.74,0.198,18.42,15.97,15.97,1,1.4,
KMT-2020-BLG-0361,SSO04K0304.011904,18:02:05.91,-29:34:34.50,8988.99717,4.0,0.098,18.21,18.13,18.13,1,1.36,
KMT-2020-BLG-0362,SSO16N0305.004367,17:40:01.49,-25:07:55.63,9016.26569,54.35,0.428,19.63,18.18,18.18,2,2.75,
KMT-2020-BLG-0363,SSO18T0501.007686,17:43:12.99,-27:48:20.84,9010.61159,35.32,0.04,19.53,19.15,19.15,2,4.08,
KMT-2020-BLG-0364,SSO41N0604.064600,17:55:45.41,-31:55:59.20,8998.46988,21.93,0.006,19.66,19.85,19.85,1,1.38,
KMT-2020-BLG-0365,SSO43M0601.045194,18:03:21.61,-27:59:28.00,8993.30573,10.07,0.099,19.27,19.21,19.21,1,0.94,
KMT-2020-BLG-0366,SSO43T0405.023732,17:59:31.11,-28:36:27.61,8995.7452,39.63,0.105,19.96,18.37,18.37,1,1.33,
KMT-2020-BLG-0367,SSO02M0503.037638,17:56:31.11,-28:35:23.10,8996.63495,5.53,0.212,18.94,18.93,18.93,1,1.64,
KMT-2020-BLG-0368,SSO03M0508.005300,18:04:06.48,-26:58:20.78,8993.71429,79.13,0.004,24.27,16.99,16.99,1,1.33,
KMT-2020-BLG-0369,SSO12N0601.036567,17:29:09.91,-28:51:38.48,8989.72235,9.1,0.842,19.64,20.0,20.53,2,2.19,
KMT-2020-BLG-0370,SSO42K0303.014082,17:52:35.40,-28:47:53.30,9001.61115,22.11,0.222,19.38,19.01,19.01,4,3.01,
KMT-2020-BLG-0371,SSO42M0203.052947,17:58:06.20,-28:45:13.21,8991.63512,4.38,0.634,19.0,19.18,19.18,1,1.43,
KMT-2020-BLG-0372,SSO43T0106.004640,18:01:09.07,-28:27:58.79,8994.50749,58.44,0.023,22.01,16.19,16.19,1,1.17,
KMT-2020-BLG-0373,SSO01K0307.051295,17:52:39.78,-30:19:16.14,9086.89744,2.24,0.051,19.51,19.89,19.89,2,1.86,
KMT-2020-BLG-0374,SSO01K0307.063931,17:52:58.99,-30:19:12.83,9113.41539,60.22,0.979,21.22,20.0,20.21,2,1.92,
KMT-2020-BLG-0375,SSO01T0102.004042,17:54:13.60,-31:59:39.70,8994.67081,197.66,0.131,20.47,16.76,16.76,1,1.65,
KMT-2020-BLG-0376,SSO01T0208.014939,17:53:31.68,-31:14:11.11,8995.96135,2.23,0.254,19.09,18.68,18.68,1,2.0,
KMT-2020-BLG-0377,SSO01T0808.015198,17:49:46.88,-31:15:05.76,8998.20122,16.35,0.045,22.11,20.0,21.59,2,5.06,
KMT-2020-BLG-0378,SSO02K0107.006947,17:54:07.69,-28:10:03.76,9026.70746,35.52,0.256,18.71,18.74,18.74,2,3.44,MB20129
KMT-2020-BLG-0379,SSO02M0402.016105,17:57:16.53,-28:45:17.60,9031.20078,95.3,0.036,18.99,18.18,18.18,1,1.78,MB20090
KMT-2020-BLG-0380,SSO02M0402.088282,17:57:02.37,-28:47:57.01,9011.52428,18.32,0.132,19.88,20.0,20.07,1,1.86,
KMT-2020-BLG-0381,SSO02M0508.006519,17:56:47.70,-28:00:14.18,9002.08411,16.42,0.659,17.09,17.1,17.1,1,2.0,
KMT-2020-BLG-0382,SSO02M0705.003877,17:55:33.00,-28:21:23.87,9026.75553,21.71,0.999,17.08,17.03,17.03,2,2.42,
KMT-2020-BLG-0383,SSO03N0105.043785,18:06:29.58,-28:25:50.41,8995.41862,9.4,0.637,18.78,19.31,19.31,1,1.02,
KMT-2020-BLG-0384,SSO03N0708.010279,18:03:13.02,-28:03:46.30,8987.33244,199.78,0.186,21.14,17.5,17.5,1,0.81,
KMT-2020-BLG-0385,SSO03N0806.041870,18:02:41.26,-28:22:21.00,8985.01837,43.76,0.1,21.34,18.81,18.81,1,1.06,
KMT-2020-BLG-0386,SSO04T0601.063858,18:00:40.74,-31:01:03.29,8999.40725,33.1,0.169,21.54,20.0,20.52,1,1.46,
KMT-2020-BLG-0387,SSO11K0601.058505,17:24:10.99,-29:50:15.76,9002.41451,24.29,0.005,22.37,20.0,20.76,2,1.52,
KMT-2020-BLG-0388,SSO11M0106.016693,17:31:52.35,-29:13:12.65,9007.78902,30.4,0.093,20.12,20.0,20.27,2,2.74,
KMT-2020-BLG-0389,SSO14K0107.064331,17:36:34.47,-28:00:25.24,8996.70927,6.77,0.182,21.08,20.0,21.73,2,3.24,
KMT-2020-BLG-0390,SSO14K0201.032500,17:35:52.88,-28:44:11.40,8998.83174,3.35,0.087,20.17,20.0,20.71,2,2.94,
KMT-2020-BLG-0391,SSO14K0504.005416,17:34:14.63,-28:24:54.43,9017.78732,14.28,0.882,18.26,18.27,18.27,2,3.04,
KMT-2020-BLG-0392,SSO14K0804.037048,17:32:23.93,-28:26:18.42,9000.57979,29.42,0.03,20.98,20.0,20.62,2,2.61,
KMT-2020-BLG-0393,SSO14M0202.075714,17:40:42.17,-28:39:45.47,8998.49699,34.84,0.067,22.44,20.0,25.0,3,4.44,
KMT-2020-BLG-0394,SSO14T0105.002942,17:36:39.81,-29:25:09.66,9052.36614,44.0,0.509,17.79,17.82,17.82,2,3.83,
KMT-2020-BLG-0395,SSO15K0301.065495,17:35:30.13,-26:39:27.97,8990.72602,140.04,0.055,23.04,20.0,21.2,2,2.62,
KMT-2020-BLG-0396,SSO15N0101.061963,17:41:22.15,-27:43:50.84,9002.28717,17.87,0.074,21.34,20.0,21.38,2,3.43,
KMT-2020-BLG-0397,SSO15T0108.015046,17:36:34.16,-26:51:02.34,9004.73565,59.26,0.086,22.22,19.34,19.34,2,2.71,
KMT-2020-BLG-0398,SSO16M0203.027879,17:40:57.24,-24:19:19.60,8995.64221,30.2,0.023,21.27,19.74,19.74,1,1.57,
KMT-2020-BLG-0399,SSO17T0203.052482,17:43:45.60,-33:56:59.50,8998.5383,8.99,0.009,20.41,20.0,20.75,1,2.59,
KMT-2020-BLG-0400,SSO17T0601.027947,17:41:19.88,-34:16:18.08,8998.67448,36.98,0.108,22.0,19.95,19.95,2,1.93,
KMT-2020-BLG-0401,SSO18T0307.036149,17:44:15.30,-26:58:21.54,8998.22772,18.75,0.022,20.83,20.0,21.19,2,3.35,
KMT-2020-BLG-0402,SSO18T0601.059521,17:42:51.66,-27:42:46.26,9007.80393,35.79,0.031,20.07,20.0,21.9,2,4.22,
KMT-2020-BLG-0403,SSO18T0805.006915,17:41:41.26,-27:16:22.94,9019.81743,28.82,0.586,19.13,18.79,18.79,2,3.66,
KMT-2020-BLG-0404,SSO19M0303.031857,17:49:06.04,-24:14:36.82,9002.98415,12.49,0.401,20.48,20.0,20.67,2,2.41,
KMT-2020-BLG-0405,SSO19M0802.032741,17:46:37.15,-24:23:40.45,9002.38787,12.89,0.115,20.27,20.0,20.72,2,2.6,
KMT-2020-BLG-0406,SSO20M0402.009301,17:48:30.95,-22:16:21.22,9000.27535,17.43,0.122,20.31,18.67,18.67,1,1.82,
KMT-2020-BLG-0407,SSO20N0605.022419,17:47:30.83,-23:02:46.90,9027.25082,55.29,0.323,18.94,18.85,18.85,1,1.44,
KMT-2020-BLG-0408,SSO20T0104.032689,17:45:31.35,-23:09:43.49,8997.95889,4.53,0.071,20.13,19.4,19.4,1,1.39,
KMT-2020-BLG-0409,SSO21T0408.019806,17:52:03.28,-35:27:10.01,9003.30095,14.69,0.649,18.75,18.72,18.72,1,0.78,
KMT-2020-BLG-0410,SSO31N0308.061942,18:16:45.35,-25:57:12.38,8999.74869,37.0,0.073,20.07,20.0,20.41,1,0.73,
KMT-2020-BLG-0411,SSO31T0407.004924,18:11:26.12,-26:04:03.22,9002.56378,51.37,0.954,17.5,17.23,17.23,1,1.18,MB20099
KMT-2020-BLG-0412,SSO32K0503.033058,18:08:49.61,-27:38:04.60,9043.61052,3.85,0.402,18.72,19.08,19.08,1,1.13,
KMT-2020-BLG-0413,SSO32T0206.027744,18:10:15.12,-28:15:27.61,9060.4023,199.96,0.256,17.74,19.34,19.34,1,1.02,
KMT-2020-BLG-0414,SSO32T0705.043533,18:07:39.60,-28:29:05.50,9041.55526,90.53,0.002,19.59,19.37,19.37,1,0.99,MB20109
KMT-2020-BLG-0415,SSO33M0108.015510,18:17:40.38,-29:02:13.60,9007.35376,22.96,0.352,18.81,18.71,18.71,2,0.45,
KMT-2020-BLG-0416,SSO33N0702.002195,18:14:14.35,-30:53:55.86,9021.44147,171.12,0.046,21.92,16.98,16.98,4,0.44,
KMT-2020-BLG-0417,SSO34K0504.040715,18:01:08.09,-31:41:37.10,9015.43767,40.34,0.383,19.65,19.69,19.69,1,1.33,
KMT-2020-BLG-0418,SSO34K0704.014161,17:59:52.74,-31:41:20.69,9000.59186,34.26,0.075,21.13,18.71,18.71,1,1.43,
KMT-2020-BLG-0419,SSO34K0708.000250,17:59:46.88,-31:13:54.91,9003.343,5.94,0.992,14.32,14.11,14.11,1,1.41,
KMT-2020-BLG-0420,SSO34M0505.033929,18:06:24.34,-31:29:47.18,8992.9125,180.78,0.051,23.18,19.45,19.45,1,0.82,
KMT-2020-BLG-0421,SSO35M0308.010247,18:07:37.49,-24:51:47.16,8997.47936,8.27,0.681,19.14,19.28,19.28,4,2.58,
KMT-2020-BLG-0422,SSO35M0701.002748,18:05:22.17,-25:45:32.83,9031.81138,19.27,0.239,16.91,16.96,16.96,4,1.95,MB20078
KMT-2020-BLG-0423,SSO37K0302.050696,17:42:46.70,-35:10:49.91,9002.20472,48.37,0.258,20.62,20.0,20.23,2,1.45,
KMT-2020-BLG-0424,SSO37T0402.064320,17:42:03.01,-36:14:26.23,8998.15505,16.51,0.075,21.95,20.0,21.81,2,1.77,
KMT-2020-BLG-0425,SSO37T0706.049039,17:40:07.77,-35:47:13.24,9009.46615,63.93,0.016,22.38,20.0,21.23,2,2.22,
KMT-2020-BLG-0426,SSO41T0206.048815,17:53:06.31,-31:35:46.10,9086.90225,1.05,0.103,19.45,19.99,19.99,1,2.03,
KMT-2020-BLG-0427,SSO42M0504.010943,17:56:25.02,-28:38:00.89,8997.59849,96.0,0.017,22.7,17.49,17.49,1,1.67,
KMT-2020-BLG-0428,SSO42M0508.031578,17:56:15.46,-28:11:48.30,8997.34069,5.77,0.149,20.14,19.43,19.43,1,2.42,
KMT-2020-BLG-0429,SSO43K0204.022908,18:00:55.50,-27:33:21.71,8996.48005,16.14,0.155,19.23,18.61,18.61,1,1.36,
KMT-2020-BLG-0430,SSO43K0601.009475,17:58:26.65,-28:00:37.51,8997.99067,11.4,0.024,22.85,18.13,18.13,1,2.46,
KMT-2020-BLG-0431,SSO01K0208.079679,17:53:31.11,-30:04:42.89,9042.40171,6.07,0.005,19.51,20.0,20.03,1,1.58,
KMT-2020-BLG-0432,SSO04T0704.021050,17:59:54.49,-30:43:38.60,9008.51149,10.82,0.064,20.29,18.84,18.84,1,1.7,
KMT-2020-BLG-0433,SSO12N0205.026992,17:31:27.33,-28:16:39.07,9003.31692,18.55,0.015,20.33,20.0,20.13,2,2.19,
KMT-2020-BLG-0434,SSO12N0306.014973,17:30:35.25,-28:11:54.38,8994.44645,29.54,0.393,19.95,19.63,19.63,2,2.01,
KMT-2020-BLG-0435,SSO12T0502.028967,17:24:59.28,-28:41:25.40,9005.74115,25.11,0.108,21.25,20.0,20.47,2,1.96,
KMT-2020-BLG-0436,SSO14M0107.001594,17:41:04.01,-27:59:38.94,9033.83067,38.85,0.649,17.38,17.34,17.34,2,3.76,
KMT-2020-BLG-0437,SSO14M0406.012828,17:39:23.38,-28:10:19.88,9045.72324,81.86,0.149,19.01,18.96,18.96,2,2.83,
KMT-2020-BLG-0438,SSO20M0103.000122,17:50:08.22,-22:06:22.82,9030.76425,31.04,0.2,16.79,14.31,14.31,4,2.05,
KMT-2020-BLG-0439,SSO22T0508.065970,17:51:32.45,-33:24:18.22,9002.10854,7.68,0.09,20.94,20.0,22.15,2,1.67,
KMT-2020-BLG-0440,SSO32K0606.021886,18:08:05.49,-27:13:22.91,9004.0331,25.55,0.11,21.0,18.84,18.84,1,1.46,
KMT-2020-BLG-0441,SSO35T0806.005529,18:00:16.44,-26:12:02.74,9012.23616,14.88,0.01,19.17,19.05,19.05,2,3.74,
KMT-2020-BLG-0442,SSO36M0305.002286,18:18:56.55,-23:09:46.12,9037.33963,25.88,0.223,16.62,16.61,16.61,1,1.25,MB20085
KMT-2020-BLG-0443,SSO36T0304.016858,18:14:09.02,-24:19:24.35,9051.90671,199.31,0.059,20.15,20.0,20.14,4,2.33,
KMT-2020-BLG-0444,SSO42M0601.057510,17:55:32.04,-29:01:08.83,9004.77775,5.19,0.021,20.1,19.87,19.87,2,1.9,
KMT-2020-BLG-0445,SSO43M0405.021034,18:04:17.20,-27:22:26.51,9110.65388,50.31,0.938,18.49,18.33,18.33,1,0.77,
KMT-2020-BLG-0446,SSO43M0804.005657,18:02:09.35,-27:30:27.29,9020.14415,18.28,0.999,17.44,16.84,16.84,1,1.45,MB20072
KMT-2020-BLG-0447,SSO14M0104.010014,17:41:04.50,-28:27:38.45,9021.1759,59.09,0.126,21.35,19.41,19.41,2,4.39,
KMT-2020-BLG-0448,SSO33M0302.064621,18:16:36.75,-29:48:09.43,9057.55684,198.78,0.053,20.63,20.0,25.0,3,0.38,
KMT-2020-BLG-0449,SSO34K0403.040562,18:01:34.94,-31:49:30.50,9029.32312,42.81,0.191,19.71,19.68,19.68,1,1.2,MB20131
KMT-2020-BLG-0450,SSO02N0505.036450,17:56:47.79,-29:32:51.61,9008.4311,7.45,0.106,20.06,18.85,18.85,1,1.53,
KMT-2020-BLG-0451,SSO03T0202.029909,18:01:02.58,-28:46:55.88,9018.97936,15.29,0.27,18.6,18.37,18.37,1,0.9,MB20093
KMT-2020-BLG-0452,SSO32T0101.052429,18:11:03.11,-28:54:40.28,9009.25818,34.25,0.218,19.86,19.84,19.84,1,0.71,
KMT-2020-BLG-0453,SSO38K0205.004860,17:53:58.99,-21:58:14.84,9012.1611,170.38,0.048,22.46,17.86,17.86,4,2.19,
KMT-2020-BLG-0454,SSO43T0305.040894,18:00:17.66,-28:33:39.49,9010.6224,9.02,0.315,20.23,18.81,18.81,1,1.25,
KMT-2020-BLG-0455,SSO01K0704.017813,17:50:35.61,-30:41:26.81,9013.75602,19.47,0.117,20.36,18.8,18.8,1,2.44,
KMT-2020-BLG-0456,SSO03K0406.043481,17:59:51.23,-27:09:43.99,9058.50552,105.21,0.071,19.74,19.65,19.65,1,2.06,MB20128
KMT-2020-BLG-0457,SSO04K0405.077766,18:01:47.14,-29:24:36.68,9010.81932,17.18,0.076,20.1,20.0,20.08,1,1.19,
KMT-2020-BLG-0458,SSO11M0304.029097,17:30:55.86,-29:26:52.04,9010.6763,15.59,0.069,21.17,20.0,20.97,2,3.3,
KMT-2020-BLG-0459,SSO11N0501.008462,17:29:39.27,-30:57:03.35,9019.25314,19.08,0.222,19.89,20.0,20.36,2,4.11,
KMT-2020-BLG-0460,SSO12N0206.001292,17:31:34.59,-28:15:12.28,9011.63661,16.56,0.295,18.15,16.7,16.7,2,2.2,
KMT-2020-BLG-0461,SSO15N0701.008342,17:37:45.10,-27:43:36.55,9019.81789,17.05,0.102,19.13,19.1,19.1,2,3.05,MB20098
KMT-2020-BLG-0462,SSO20N0303.021007,17:49:21.74,-23:19:22.19,9016.07165,12.86,0.302,19.3,19.29,19.29,1,1.97,
KMT-2020-BLG-0463,SSO34T0605.021659,18:00:19.54,-32:36:36.40,9016.4216,24.29,0.199,19.02,18.95,18.95,1,1.06,MB20088
KMT-2020-BLG-0464,SSO02K0408.063386,17:52:14.85,-27:58:53.62,9012.27731,0.68,0.115,21.62,20.0,22.74,2,4.76,
KMT-2020-BLG-0465,SSO03N0203.031178,18:05:43.66,-28:44:13.09,9014.65194,13.57,0.119,19.31,18.94,18.94,1,1.01,MB20074
KMT-2020-BLG-0466,SSO04T0203.042035,18:02:46.77,-30:45:31.10,9020.95072,39.78,0.255,20.25,19.79,19.79,1,1.38,
KMT-2020-BLG-0467,SSO11M0703.019956,17:28:35.77,-29:34:26.33,9022.14529,26.32,0.317,19.38,19.68,19.68,2,1.98,
KMT-2020-BLG-0468,SSO12N0402.004025,17:30:19.39,-28:45:27.61,9024.71195,56.84,0.002,19.39,18.0,18.0,2,2.46,
KMT-2020-BLG-0469,SSO12T0103.084487,17:27:01.84,-28:35:25.62,9012.90271,114.19,0.022,22.94,20.0,22.67,2,1.98,
KMT-2020-BLG-0470,SSO13N0407.005883,17:37:53.56,-34:36:18.76,9024.9168,39.66,0.665,18.67,18.52,18.52,2,2.85,
KMT-2020-BLG-0471,SSO14M0608.087861,17:38:33.23,-27:54:16.92,9014.84993,14.99,0.218,20.0,20.0,21.97,2,2.77,
KMT-2020-BLG-0472,SSO14N0704.016473,17:37:36.26,-29:33:41.40,9022.08573,36.31,0.2,20.42,20.0,20.28,2,3.7,
KMT-2020-BLG-0473,SSO14T0605.004459,17:33:23.40,-29:27:02.92,9017.59861,11.78,0.881,18.29,17.94,17.94,2,3.07,
KMT-2020-BLG-0474,SSO15N0607.052695,17:38:13.81,-27:04:51.89,9013.86127,23.38,0.064,21.73,20.0,21.3,2,2.95,
KMT-2020-BLG-0475,SSO15T0202.058804,17:36:04.70,-27:42:17.39,9011.19569,7.28,0.105,21.27,20.0,21.34,2,3.12,
KMT-2020-BLG-0476,SSO31K0501.060109,18:10:51.48,-25:46:32.02,9015.45699,47.96,0.093,20.25,20.0,20.06,1,1.12,MB20083
KMT-2020-BLG-0477,SSO33M0501.017763,18:15:32.48,-29:53:11.08,9013.69291,14.78,0.265,19.2,19.17,19.17,2,0.37,
KMT-2020-BLG-0478,SSO35M0606.005478,18:06:02.66,-25:00:56.95,9068.39732,197.55,0.339,18.94,18.44,18.44,4,3.41,
KMT-2020-BLG-0479,SSO37K0306.038185,17:43:05.34,-34:36:04.68,9011.03299,56.21,0.006,21.97,20.0,20.12,3,1.89,
KMT-2020-BLG-0480,SSO37T0402.010940,17:42:04.01,-36:17:49.88,9009.87822,13.08,0.108,20.75,19.66,19.66,2,1.73,
KMT-2020-BLG-0481,SSO41K0705.035576,17:50:24.14,-30:36:04.50,9011.92917,19.67,0.501,19.79,19.75,19.75,1,2.49,
KMT-2020-BLG-0482,SSO42K0101.088879,17:53:45.24,-29:01:20.60,9036.50117,199.83,0.221,20.46,20.0,20.13,1,2.01,
KMT-2020-BLG-0483,SSO42T0504.052579,17:51:28.20,-29:46:22.40,9118.0266,199.75,0.025,23.87,20.0,20.13,1,2.92,
KMT-2020-BLG-0484,SSO43M0301.041344,18:04:55.03,-27:58:34.39,9021.41358,23.53,0.406,18.92,19.0,19.0,1,1.01,MB20097
KMT-2020-BLG-0485,SSO43N0202.040613,18:05:46.64,-28:59:21.19,9012.63877,79.27,0.006,23.64,19.2,19.2,1,0.95,
KMT-2020-BLG-0486,SSO01K0603.049503,17:51:17.28,-30:45:19.01,9041.34387,4.33,0.272,19.81,20.0,20.0,1,2.26,
KMT-2020-BLG-0487,SSO01M0406.074357,17:57:27.87,-30:23:34.62,9016.49813,2.95,0.482,21.76,20.0,25.0,3,1.8,
KMT-2020-BLG-0488,SSO01M0604.065494,17:56:13.53,-30:39:44.32,9015.99094,15.13,0.113,20.92,19.96,19.96,1,1.79,
KMT-2020-BLG-0489,SSO02M0201.109600,17:58:18.30,-28:52:28.88,9018.74655,6.99,0.002,19.64,20.0,20.43,1,1.4,
KMT-2020-BLG-0490,SSO02N0203.052819,17:58:34.46,-29:45:58.61,9016.31138,8.09,0.184,19.88,19.14,19.14,1,1.24,
KMT-2020-BLG-0491,SSO02N0206.034973,17:58:27.30,-29:19:45.59,9021.15957,14.03,0.96,18.77,18.85,18.85,1,1.26,
KMT-2020-BLG-0492,SSO02T0301.030854,17:52:45.14,-30:00:21.38,9021.25231,38.74,0.048,19.62,18.86,18.86,1,1.95,MB20102
KMT-2020-BLG-0493,SSO02T0506.016741,17:51:55.23,-29:21:43.42,9056.28854,68.52,0.803,18.8,18.82,18.82,1,2.99,
KMT-2020-BLG-0494,SSO03N0501.042331,18:04:07.76,-28:57:01.51,9017.56154,2.24,0.129,19.6,18.91,18.91,1,0.68,
KMT-2020-BLG-0495,SSO03T0105.090926,18:01:48.50,-28:22:37.60,9021.80301,118.88,0.029,21.47,20.0,20.08,1,1.03,
KMT-2020-BLG-0496,SSO04K0104.012336,18:03:23.98,-29:35:26.30,9022.43909,15.73,0.272,17.81,18.11,18.11,1,1.0,MB20096
KMT-2020-BLG-0497,SSO12M0105.064679,17:31:48.04,-27:12:08.46,9014.06715,27.09,0.056,22.14,20.0,21.91,2,2.75,
KMT-2020-BLG-0498,SSO13K0107.011424,17:34:31.34,-33:26:19.64,9024.39089,21.68,0.297,19.99,19.98,19.98,2,4.04,
KMT-2020-BLG-0499,SSO13M0504.061253,17:37:10.57,-33:47:34.48,9015.34019,12.65,0.107,21.32,20.0,22.26,2,3.33,
KMT-2020-BLG-0500,SSO14K0801.008635,17:32:12.72,-28:48:32.47,9021.73981,19.06,0.116,19.79,19.56,19.56,2,2.89,
KMT-2020-BLG-0501,SSO14M0404.093189,17:39:41.23,-28:21:08.32,9040.87638,46.34,0.021,21.1,20.0,25.0,3,3.63,
KMT-2020-BLG-0502,SSO14T0807.020371,17:32:20.59,-29:11:59.75,9042.7378,166.92,0.013,24.06,20.0,20.37,2,3.01,
KMT-2020-BLG-0503,SSO15M0505.043266,17:38:40.32,-26:10:17.87,9014.2405,34.7,0.173,21.84,20.0,21.09,3,3.21,
KMT-2020-BLG-0504,SSO15N0306.065694,17:40:14.51,-27:10:12.61,9017.97293,3.37,0.192,19.56,20.0,21.35,2,2.87,
KMT-2020-BLG-0505,SSO16M0406.022870,17:39:35.34,-23:51:08.64,9042.50138,35.48,0.085,20.46,20.0,20.02,2,1.82,
KMT-2020-BLG-0506,SSO16M0504.002236,17:39:03.63,-24:13:22.04,9105.95487,199.98,0.99,17.69,17.47,17.47,2,2.32,
KMT-2020-BLG-0507,SSO17T0204.011226,17:43:40.96,-33:54:36.22,9024.19906,20.2,0.096,19.81,19.56,19.56,1,2.76,
KMT-2020-BLG-0508,SSO18N0301.005315,17:49:03.57,-27:45:55.91,9037.09564,36.18,0.048,19.95,20.0,20.52,2,10.79,
KMT-2020-BLG-0509,SSO19M0404.092572,17:48:44.27,-24:13:22.04,9018.00166,6.35,0.2,21.28,20.0,25.0,3,2.57,
KMT-2020-BLG-0510,SSO19M0506.060963,17:48:12.90,-23:56:38.00,9016.71776,8.88,0.052,21.47,20.0,21.36,2,2.51,
KMT-2020-BLG-0511,SSO19T0302.027368,17:44:44.92,-25:29:32.60,9018.00173,10.83,0.907,19.94,20.0,20.61,2,3.11,
KMT-2020-BLG-0512,SSO19T0608.006906,17:42:43.18,-24:46:25.61,9026.0201,88.45,0.002,24.17,18.47,18.47,1,2.26,
KMT-2020-BLG-0513,SSO20M0707.013147,17:46:44.47,-21:40:37.06,9015.60848,9.12,0.712,19.42,19.34,19.34,4,1.92,
KMT-2020-BLG-0514,SSO21K0201.034358,17:53:03.53,-35:16:37.99,9026.76404,37.82,0.002,21.96,19.3,19.3,1,0.68,MB20084
KMT-2020-BLG-0515,SSO21T0808.028467,17:49:40.02,-35:27:43.42,9026.37993,41.24,0.197,20.16,19.33,19.33,1,1.06,
KMT-2020-BLG-0516,SSO22K0208.008502,17:53:28.38,-32:15:47.20,9033.42518,75.27,0.002,21.8,18.16,18.16,1,1.82,MB20126
KMT-2020-BLG-0517,SSO22K0503.018230,17:51:45.31,-32:53:28.61,9026.85505,22.34,0.004,19.71,19.09,19.09,1,1.9,MB20105
KMT-2020-BLG-0518,SSO32N0305.033763,18:14:19.90,-28:28:49.19,9020.96497,68.53,0.198,20.31,19.13,19.13,1,0.41,
KMT-2020-BLG-0519,SSO32T0307.037486,18:09:46.42,-28:08:32.71,9012.95519,63.65,0.336,19.09,19.16,19.16,1,0.89,
KMT-2020-BLG-0520,SSO34M0206.033298,18:08:10.54,-31:23:43.40,9021.07955,30.21,0.058,19.77,19.62,19.62,1,0.63,MB20073
KMT-2020-BLG-0521,SSO34N0307.000182,18:07:38.61,-32:23:03.41,9010.97968,158.13,0.03,20.43,14.16,14.16,1,0.57,
KMT-2020-BLG-0522,SSO34N0307.023993,18:07:20.70,-32:20:49.31,9021.92642,35.06,0.417,19.41,19.48,19.48,1,0.64,
KMT-2020-BLG-0523,SSO35N0604.004884,18:06:03.48,-26:27:33.80,9092.63155,47.87,0.108,17.03,16.98,16.98,1,1.59,
KMT-2020-BLG-0524,SSO37M0802.049371,17:45:07.35,-35:09:51.59,9026.0971,59.91,0.002,23.79,20.0,20.05,1,1.19,
KMT-2020-BLG-0525,SSO37T0407.031232,17:42:09.17,-35:35:54.71,9014.33634,8.84,0.927,19.85,20.0,20.39,2,2.02,
KMT-2020-BLG-0526,SSO41K0707.068503,17:49:59.38,-30:26:10.90,9020.02649,24.14,0.306,20.83,20.0,25.0,3,3.1,
KMT-2020-BLG-0527,SSO41M0802.065124,17:54:15.54,-30:59:24.11,9033.63263,84.07,0.004,26.25,19.7,19.7,1,1.61,
KMT-2020-BLG-0528,SSO42M0703.066031,17:55:12.28,-28:46:42.53,9023.36224,36.3,0.054,21.05,20.0,20.25,2,2.09,MB20113
KMT-2020-BLG-0529,SSO42N0604.072337,17:55:40.13,-29:50:01.39,9019.9271,10.13,0.384,19.91,19.58,19.58,1,1.41,
KMT-2020-BLG-0530,SSO43K0306.047999,18:00:07.20,-27:15:53.39,9013.08252,14.68,0.334,20.29,19.43,19.43,1,1.75,
KMT-2020-BLG-0531,SSO43M0301.004801,18:04:57.03,-27:53:37.00,9006.84068,37.77,0.999,17.7,16.6,16.6,1,1.08,
KMT-2020-BLG-0532,SSO43T0405.025128,17:59:40.89,-28:34:16.39,9024.2536,199.65,0.007,23.14,18.42,18.42,1,1.34,
KMT-2020-BLG-0533,SSO02N0108.001523,17:58:51.10,-29:08:21.19,9020.38134,16.36,0.183,15.34,15.01,15.01,1,1.01,MB20091
KMT-2020-BLG-0534,SSO12N0505.054842,17:29:43.08,-28:22:57.58,9016.70982,9.16,0.446,20.05,20.0,20.94,2,2.05,
KMT-2020-BLG-0535,SSO20T0306.011122,17:44:19.95,-22:57:59.36,9018.78954,16.47,0.482,19.32,19.32,19.32,2,1.88,
KMT-2020-BLG-0536,SSO43K0404.006214,17:59:31.49,-27:30:37.91,8988.93048,57.31,0.914,17.44,17.01,17.01,1,1.9,
KMT-2020-BLG-0537,SSO03K0208.012791,18:01:07.94,-26:56:09.82,9024.56493,101.37,0.027,22.52,18.84,18.84,1,2.62,
KMT-2020-BLG-0538,SSO12M0501.006887,17:29:35.66,-27:41:51.25,9027.3784,44.86,0.013,21.08,19.26,19.26,2,2.5,
KMT-2020-BLG-0539,SSO19T0805.010275,17:41:41.59,-25:08:21.52,9010.37602,27.04,0.545,21.37,18.82,18.82,1,2.48,
KMT-2020-BLG-0540,SSO36T0107.008176,18:15:34.15,-23:55:35.58,9015.42759,13.97,0.601,20.04,18.61,18.61,4,1.32,
KMT-2020-BLG-0541,SSO41M0805.036988,17:54:43.79,-30:35:38.62,9028.37025,26.85,0.32,20.12,20.0,20.05,1,2.6,
KMT-2020-BLG-0542,SSO42M0305.033919,17:57:27.07,-28:32:40.99,9019.54148,13.63,0.224,20.26,19.02,19.02,1,1.78,
KMT-2020-BLG-0543,SSO17N0705.004466,17:45:32.29,-33:46:09.70,9022.94278,4.84,0.951,16.75,16.79,16.79,1,1.67,
KMT-2020-BLG-0544,SSO18T0306.038347,17:44:35.12,-27:10:31.30,9019.69622,14.95,0.789,19.93,20.0,21.48,2,4.03,
KMT-2020-BLG-0545,SSO32M0506.001819,18:13:20.70,-27:07:26.40,9034.31302,5.47,0.833,15.69,15.68,15.68,1,0.61,MB20119
KMT-2020-BLG-0546,SSO32T0803.000787,18:07:00.42,-28:42:13.07,9043.10495,2.18,0.006,14.95,14.94,14.94,2,0.9,
KMT-2020-BLG-0547,SSO01K0608.005193,17:51:06.16,-30:05:47.80,9049.62698,16.38,0.685,16.86,16.87,16.87,1,2.47,MB20161
KMT-2020-BLG-0548,SSO01K0703.009956,17:50:26.72,-30:44:40.09,9065.86619,121.18,0.778,17.91,17.87,17.87,1,2.53,
KMT-2020-BLG-0549,SSO02K0406.033238,17:52:27.95,-28:15:50.76,9027.47265,57.31,0.037,22.58,20.0,20.89,2,3.96,
KMT-2020-BLG-0550,SSO02M0805.020012,17:54:53.96,-28:25:52.00,9023.52295,19.74,0.773,19.72,19.59,19.59,2,2.65,
KMT-2020-BLG-0551,SSO02T0107.051570,17:53:59.68,-29:19:23.09,9032.89138,22.39,0.035,19.34,19.19,19.19,1,1.98,MB20121
KMT-2020-BLG-0552,SSO04T0602.044106,18:00:40.67,-30:56:08.20,9026.86314,31.52,0.053,21.04,19.72,19.72,1,1.4,
KMT-2020-BLG-0553,SSO14M0603.000862,17:38:07.39,-28:31:06.49,9035.04866,16.25,0.458,16.79,16.75,16.75,2,3.46,
KMT-2020-BLG-0554,SSO14T0105.011225,17:36:20.30,-29:26:59.75,9028.15964,9.79,0.053,20.13,19.37,19.37,2,3.33,
KMT-2020-BLG-0555,SSO16M0608.016177,17:38:36.07,-23:36:43.06,9016.32844,199.47,0.067,22.84,19.79,19.79,2,1.95,
KMT-2020-BLG-0556,SSO18K0205.013609,17:45:06.30,-26:08:17.48,9026.79981,14.54,0.021,19.84,19.63,19.63,2,2.95,
KMT-2020-BLG-0557,SSO18K0205.090612,17:45:13.51,-26:10:45.91,9029.90994,15.72,0.179,20.67,20.0,25.0,3,3.39,
KMT-2020-BLG-0558,SSO18T0806.020433,17:41:44.10,-27:05:41.28,9036.20101,20.68,0.137,19.75,20.0,20.71,2,3.89,
KMT-2020-BLG-0559,SSO22K0604.002318,17:51:12.23,-32:44:21.98,9043.13198,11.74,0.415,16.6,16.59,16.59,1,1.89,MB20124
KMT-2020-BLG-0560,SSO22N0306.008868,17:57:57.12,-33:33:59.90,9050.35632,71.27,0.894,18.74,18.2,18.2,1,1.05,
KMT-2020-BLG-0561,SSO31N0401.016861,18:16:05.65,-26:47:47.90,9036.423,47.85,0.58,19.07,18.62,18.62,1,0.84,
KMT-2020-BLG-0562,SSO35N0207.026255,18:08:17.45,-26:00:31.39,9034.40684,18.79,0.049,19.34,19.25,19.25,1,1.5,MB20123
KMT-2020-BLG-0563,SSO37T0507.071088,17:41:33.00,-35:37:03.18,9033.05169,16.19,0.074,21.05,20.0,21.46,2,1.84,
KMT-2020-BLG-0564,SSO42N0706.017856,17:55:08.40,-29:30:09.00,9029.45249,9.52,0.016,19.31,17.95,17.95,1,1.36,MB20122
KMT-2020-BLG-0565,SSO12M0208.003469,17:31:14.58,-26:51:10.26,9055.90488,63.11,0.258,19.74,19.72,19.72,2,3.93,
KMT-2020-BLG-0566,SSO12T0201.057433,17:26:36.97,-28:49:27.80,9034.03861,22.72,0.057,20.07,20.0,21.0,2,1.99,
KMT-2020-BLG-0567,SSO16M0804.039783,17:37:09.64,-24:09:25.81,9029.59724,20.28,0.033,20.16,20.0,20.87,2,2.16,
KMT-2020-BLG-0568,SSO19M0206.019038,17:49:30.73,-23:56:15.40,9028.27289,24.84,0.075,21.64,19.86,19.86,2,2.5,
KMT-2020-BLG-0569,SSO32K0208.020650,18:10:00.14,-26:56:57.19,9036.02894,66.12,0.02,22.18,19.07,19.07,1,1.46,
KMT-2020-BLG-0570,SSO42N0702.080396,17:55:09.65,-30:05:00.71,9026.58428,0.79,0.1,21.12,19.71,19.71,1,1.42,
KMT-2020-BLG-0571,SSO02N0707.009807,17:55:27.34,-29:15:41.62,9056.52811,28.45,0.119,17.55,17.35,17.35,1,1.94,MB20143
KMT-2020-BLG-0572,SSO04K0703.036112,17:59:53.90,-29:39:12.10,9145.60027,199.87,0.021,22.98,18.95,18.95,1,1.29,
KMT-2020-BLG-0573,SSO15T0401.005604,17:34:39.86,-27:49:13.08,9032.75757,8.84,0.425,18.5,18.45,18.45,2,2.75,
KMT-2020-BLG-0574,SSO18T0303.000224,17:44:19.72,-27:29:17.59,9106.59833,47.72,0.352,16.46,16.44,16.44,2,4.58,
KMT-2020-BLG-0575,SSO18T0708.000114,17:42:19.60,-26:49:14.95,9062.41662,199.86,0.007,20.58,15.88,15.88,3,4.17,
KMT-2020-BLG-0576,SSO35N0402.032622,18:07:06.92,-26:43:38.32,9037.62257,61.92,0.05,19.34,18.82,18.82,1,0.94,MB20115
KMT-2020-BLG-0577,SSO37K0301.005468,17:42:49.66,-35:17:58.09,9034.50591,11.01,0.784,17.86,17.96,17.96,2,1.49,
KMT-2020-BLG-0578,SSO02M0608.028702,17:55:41.78,-27:57:53.86,9037.80288,15.44,0.029,20.92,20.0,20.26,2,2.88,
KMT-2020-BLG-0579,SSO02T0203.053819,17:53:41.67,-29:48:26.89,9040.57247,19.06,0.002,19.2,19.15,19.15,1,1.48,MB20135
KMT-2020-BLG-0580,SSO03M0308.047705,18:05:01.23,-26:59:56.80,9046.82469,20.61,0.358,19.07,19.26,19.26,1,1.17,MB20139
KMT-2020-BLG-0581,SSO12T0408.019120,17:25:22.39,-27:54:14.69,9046.21817,48.07,0.166,19.57,19.52,19.52,1,1.96,
KMT-2020-BLG-0582,SSO16M0605.067625,17:38:31.29,-24:00:17.50,9038.97551,38.86,0.075,21.34,20.0,21.38,2,1.74,
KMT-2020-BLG-0583,SSO18K0104.033757,17:45:46.14,-26:14:39.12,9068.16103,97.74,0.21,20.07,20.0,20.88,3,3.29,
KMT-2020-BLG-0584,SSO32T0301.012338,18:09:35.79,-28:57:05.90,9049.8714,74.27,0.007,21.03,18.16,18.16,1,0.8,MB20155
KMT-2020-BLG-0585,SSO42T0101.027600,17:53:55.85,-30:09:21.17,9037.06244,85.0,0.005,23.07,18.77,18.77,2,1.39,
KMT-2020-BLG-0586,SSO14T0705.028990,17:33:09.33,-29:21:00.18,9038.65703,42.08,0.096,21.21,20.0,20.64,2,2.98,
KMT-2020-BLG-0587,SSO16N0306.056345,17:40:11.56,-25:01:33.02,9041.65193,40.74,0.644,19.96,20.0,21.93,2,3.12,
KMT-2020-BLG-0588,SSO16N0803.066001,17:37:32.01,-25:27:44.42,8946.99271,31.61,0.67,20.19,20.0,23.82,3,3.52,
KMT-2020-BLG-0589,SSO17M0607.007730,17:46:12.10,-32:22:27.88,9070.11107,52.64,0.147,20.0,20.0,20.85,2,5.03,
KMT-2020-BLG-0590,SSO19T0203.028598,17:45:11.33,-25:24:31.64,8904.58183,61.25,0.82,20.68,20.0,20.67,2,3.12,
KMT-2020-BLG-0591,SSO31N0305.025477,18:16:30.50,-26:16:27.30,9043.63723,35.81,0.578,19.22,19.01,19.01,1,0.85,
KMT-2020-BLG-0592,SSO32T0307.033114,18:09:35.38,-28:11:51.29,9038.66984,34.73,0.074,21.9,19.03,19.03,1,0.89,
KMT-2020-BLG-0593,SSO32T0602.027417,18:07:59.67,-28:47:50.39,9156.24561,26.1,0.002,18.57,18.87,18.87,1,0.95,
KMT-2020-BLG-0594,SSO42K0801.012245,17:49:55.27,-29:04:46.67,9083.98265,119.85,0.052,20.23,20.0,20.89,2,5.71,
KMT-2020-BLG-0595,SSO04M0102.050340,18:08:13.58,-29:45:10.80,9058.37022,67.62,0.234,20.02,19.78,19.78,1,0.79,
KMT-2020-BLG-0596,SSO14N0503.000169,17:39:13.89,-29:42:23.51,9094.85574,87.86,0.863,16.25,16.16,16.16,2,5.41,
KMT-2020-BLG-0597,SSO11N0104.072377,17:32:07.07,-30:37:01.06,8950.05911,3.02,0.689,20.12,20.0,21.82,2,2.73,
KMT-2020-BLG-0598,SSO19N0208.029451,17:49:31.95,-24:49:31.22,9086.6702,2.1,0.005,19.73,20.0,21.89,2,4.33,
KMT-2020-BLG-0599,SSO19N0607.000617,17:47:26.62,-24:54:21.46,9083.91187,158.0,0.71,17.53,16.7,16.7,2,3.9,
KMT-2020-BLG-0600,SSO33K0706.001573,18:09:15.65,-29:19:01.60,9097.53656,59.79,0.998,16.62,15.61,15.61,1,0.88,MB20141
KMT-2020-BLG-0601,SSO01K0203.068620,17:53:38.40,-30:43:40.19,9047.53977,16.08,0.253,20.18,20.0,20.28,1,2.69,
KMT-2020-BLG-0602,SSO01M0408.060748,17:56:57.47,-30:06:01.80,9047.99221,53.52,0.078,21.27,19.58,19.58,1,1.47,
KMT-2020-BLG-0603,SSO01N0408.001721,17:57:01.02,-31:14:27.10,9060.85644,9.36,0.999,16.24,15.69,15.69,1,1.16,MB20164 MB20171
KMT-2020-BLG-0604,SSO01T0201.058819,17:53:27.02,-32:05:59.10,9157.47067,44.2,0.186,20.08,20.0,20.45,1,2.3,
KMT-2020-BLG-0605,SSO01T0208.003463,17:53:27.06,-31:12:06.30,9058.02939,9.08,0.047,16.62,16.56,16.56,1,2.13,MB20150
KMT-2020-BLG-0606,SSO01T0702.009255,17:50:35.41,-31:57:40.46,9053.34956,5.62,0.449,19.99,20.0,20.25,2,3.59,
KMT-2020-BLG-0607,SSO02K0604.038475,17:51:13.55,-28:29:04.96,9042.90525,198.6,0.004,23.13,20.0,21.16,2,3.66,
KMT-2020-BLG-0608,SSO02M0102.006017,17:58:59.22,-28:44:07.91,9059.45955,199.98,0.002,19.69,16.39,16.39,1,1.23,MB20136
KMT-2020-BLG-0609,SSO02M0201.052745,17:58:31.46,-28:55:43.61,9048.68537,30.35,0.007,21.21,19.14,19.14,1,1.16,MB20156
KMT-2020-BLG-0610,SSO02N0407.028524,17:56:55.77,-29:15:47.70,9051.1881,6.92,0.586,18.96,18.86,18.86,1,1.52,
KMT-2020-BLG-0611,SSO03M0104.002479,18:06:33.05,-27:26:37.10,9060.80116,7.16,0.445,15.73,15.69,15.69,1,0.8,MB20163
KMT-2020-BLG-0612,SSO04K0107.013988,18:03:23.28,-29:12:11.20,9052.1758,146.42,0.067,21.11,18.02,18.02,1,0.86,MB20158
KMT-2020-BLG-0613,SSO11T0103.008676,17:27:12.49,-30:40:38.57,9048.03664,21.48,0.591,19.5,19.63,19.63,2,3.01,
KMT-2020-BLG-0614,SSO14K0804.070709,17:32:19.69,-28:27:50.98,9051.95904,11.79,0.851,20.02,20.0,21.41,2,2.58,
KMT-2020-BLG-0615,SSO14M0105.000285,17:41:15.53,-28:15:38.59,9052.92984,14.61,0.379,17.24,15.89,15.89,4,4.04,
KMT-2020-BLG-0616,SSO14M0308.007828,17:39:55.07,-27:55:13.48,9054.32137,31.73,0.078,18.92,18.89,18.89,2,3.4,
KMT-2020-BLG-0617,SSO14T0805.018622,17:32:16.59,-29:26:27.13,9054.72052,86.14,0.434,20.01,20.0,20.03,2,2.99,
KMT-2020-BLG-0618,SSO15T0403.000750,17:34:59.28,-27:35:39.01,9048.3096,12.38,0.681,17.95,16.5,16.5,2,2.57,
KMT-2020-BLG-0619,SSO16K0704.024127,17:33:25.23,-24:07:53.11,9052.11432,44.47,0.062,21.71,20.0,20.71,2,2.08,
KMT-2020-BLG-0620,SSO16N0207.001190,17:40:53.96,-24:55:01.70,9061.97645,15.19,0.08,17.37,16.3,16.3,1,2.35,
KMT-2020-BLG-0621,SSO17N0708.009765,17:45:48.33,-33:22:21.00,9048.99635,73.76,0.012,25.15,18.78,18.78,1,2.61,
KMT-2020-BLG-0622,SSO17T0203.000652,17:43:47.20,-33:59:00.60,9054.10309,13.57,0.997,16.25,15.43,15.43,1,2.31,
KMT-2020-BLG-0623,SSO18K0203.007828,17:45:03.78,-26:26:16.19,9061.47283,43.73,0.517,18.96,18.99,18.99,2,3.57,
KMT-2020-BLG-0624,SSO18K0306.005478,17:44:31.53,-26:02:02.08,9061.8408,28.56,0.175,18.03,18.06,18.06,2,2.77,
KMT-2020-BLG-0625,SSO18M0305.002236,17:49:08.50,-26:10:49.15,9052.99697,30.14,0.078,21.15,20.0,20.13,2,6.49,
KMT-2020-BLG-0626,SSO18N0707.001189,17:46:55.28,-26:56:32.28,9119.81265,67.55,0.255,17.53,17.52,17.52,2,4.81,
KMT-2020-BLG-0627,SSO19K0306.017400,17:44:17.02,-23:53:29.62,9047.82535,33.71,0.089,20.64,18.91,18.91,1,1.64,
KMT-2020-BLG-0628,SSO20N0201.020812,17:49:50.33,-23:34:53.80,9118.17252,23.87,0.013,21.86,19.75,19.75,2,2.05,
KMT-2020-BLG-0629,SSO20T0505.034072,17:43:16.03,-23:04:47.35,9050.94451,41.48,0.321,20.14,20.0,20.65,2,2.13,
KMT-2020-BLG-0630,SSO21K0306.025989,17:52:45.50,-34:35:51.68,9047.84588,78.49,0.067,20.79,18.9,18.9,1,0.8,MB20140
KMT-2020-BLG-0631,SSO21M0107.043139,17:59:08.46,-34:26:29.90,9066.16543,53.6,0.349,20.2,19.86,19.86,1,0.55,
KMT-2020-BLG-0632,SSO22K0507.015034,17:51:48.83,-32:23:44.99,9048.25595,40.75,0.099,21.17,19.13,19.13,1,2.06,MB20168
KMT-2020-BLG-0633,SSO31K0306.007054,18:12:01.30,-25:07:21.79,9066.70106,27.58,0.209,18.47,18.43,18.43,1,1.71,
KMT-2020-BLG-0634,SSO31M0704.004649,18:14:40.41,-25:16:06.38,9046.11885,45.92,0.032,20.79,17.85,17.85,1,1.53,MB20153
KMT-2020-BLG-0635,SSO32M0407.004473,18:14:01.81,-27:01:46.31,9057.99613,22.95,0.552,17.19,17.18,17.18,1,0.83,MB20152
KMT-2020-BLG-0636,SSO32N0108.050629,18:15:46.95,-28:01:12.40,9064.06164,195.36,0.024,21.42,19.86,19.86,1,0.49,
KMT-2020-BLG-0637,SSO35N0502.020770,18:06:29.92,-26:45:22.28,9033.57986,102.77,0.059,23.03,18.39,18.39,1,0.87,
KMT-2020-BLG-0638,SSO35N0706.010273,18:05:20.91,-26:12:43.70,9052.17495,174.05,0.002,23.2,18.78,18.78,1,2.29,MB20182
KMT-2020-BLG-0639,SSO37M0402.010388,17:47:43.14,-35:08:12.19,9050.59296,138.35,0.026,22.24,18.11,18.11,1,1.07,
KMT-2020-BLG-0640,SSO41K0201.008658,17:52:54.96,-31:04:57.11,9084.39797,39.42,0.074,18.17,17.95,17.95,1,2.24,MB20198
KMT-2020-BLG-0641,SSO41K0406.002111,17:51:59.66,-30:28:39.50,9125.81671,48.53,0.224,16.27,16.26,16.26,1,2.33,MB20203
KMT-2020-BLG-0642,SSO41M0201.052015,17:57:57.45,-31:07:33.49,9054.26879,19.9,0.074,19.83,19.79,19.79,1,1.35,MB20162
KMT-2020-BLG-0643,SSO41T0405.050584,17:51:54.83,-31:48:28.19,9050.77796,20.36,0.002,22.76,20.0,20.76,1,2.81,
KMT-2020-BLG-0644,SSO42K0603.015613,17:51:00.66,-28:48:51.62,9061.37932,45.79,0.012,20.04,20.0,20.26,2,4.63,MB20189
KMT-2020-BLG-0645,SSO42T0202.023497,17:53:12.26,-29:59:09.38,9053.0536,9.86,0.38,18.52,18.44,18.44,1,1.72,
KMT-2020-BLG-0646,SSO43K0601.025576,17:58:22.95,-27:53:37.90,9043.69153,41.82,0.042,20.22,19.4,19.4,1,2.38,MB20149
KMT-2020-BLG-0647,SSO43M0707.007944,18:02:50.56,-27:08:36.82,9080.85111,47.15,0.322,18.6,18.6,18.6,1,2.7,MB20224
KMT-2020-BLG-0648,SSO01K0306.007236,17:52:44.48,-30:25:43.90,9054.86635,48.2,0.189,19.72,17.21,17.21,1,2.2,MB20177
KMT-2020-BLG-0649,SSO02N0307.008759,17:57:54.64,-29:13:24.60,9091.64161,48.46,0.199,17.42,17.36,17.36,1,1.4,MB20201
KMT-2020-BLG-0650,SSO03M0405.017938,18:04:43.41,-27:21:02.99,9042.62756,196.51,0.006,22.07,18.14,18.14,1,0.97,MB20160
KMT-2020-BLG-0651,SSO03N0303.027026,18:05:22.17,-28:42:24.98,9046.46277,11.05,0.535,18.55,18.66,18.66,1,0.99,
KMT-2020-BLG-0652,SSO03N0504.022372,18:04:15.77,-28:31:08.51,9054.48963,13.26,0.11,19.42,18.36,18.36,1,0.96,MB20174
KMT-2020-BLG-0653,SSO04T0506.018278,18:01:06.85,-30:26:11.40,9058.9554,8.68,0.966,18.53,18.46,18.46,1,1.05,
KMT-2020-BLG-0654,SSO11K0306.019141,17:25:42.57,-29:14:45.38,9051.74251,9.87,0.537,19.4,19.34,19.34,1,1.92,
KMT-2020-BLG-0655,SSO11T0406.014785,17:25:26.57,-30:22:37.88,9063.02685,43.03,0.17,20.03,20.0,20.12,3,2.58,
KMT-2020-BLG-0656,SSO15K0804.038133,17:32:27.36,-26:20:15.83,9050.63024,1.47,0.395,20.52,20.0,25.0,3,4.33,
KMT-2020-BLG-0657,SSO15M0106.015670,17:41:13.64,-26:04:24.56,9049.52668,16.3,0.02,22.1,20.0,20.21,2,2.96,
KMT-2020-BLG-0658,SSO15M0704.004441,17:38:01.60,-26:18:53.03,9051.84777,7.8,0.079,20.31,18.36,18.36,2,2.77,
KMT-2020-BLG-0659,SSO15N0603.003918,17:38:13.36,-27:34:31.84,9069.02857,17.88,0.236,18.0,17.65,17.65,2,2.75,MB20194
KMT-2020-BLG-0660,SSO16T0108.070304,17:36:53.58,-24:45:38.99,,,,,20.0,22.09,2,2.32,
KMT-2020-BLG-0661,SSO18K0701.027431,17:42:13.97,-26:34:45.52,9051.45272,30.63,0.061,21.77,20.0,20.94,2,3.37,
KMT-2020-BLG-0662,SSO18T0404.090907,17:43:41.19,-27:25:26.83,9130.14479,200.0,0.133,18.42,20.0,25.0,3,3.45,
KMT-2020-BLG-0663,SSO19K0601.006257,17:42:57.41,-24:30:46.19,9055.08652,7.02,0.988,18.73,18.14,18.14,1,1.95,
KMT-2020-BLG-0664,SSO19M0404.004961,17:48:43.31,-24:07:08.90,9049.76396,5.89,0.864,17.8,17.77,17.77,2,2.13,
KMT-2020-BLG-0665,SSO20M0504.009042,17:48:01.34,-22:04:24.67,9051.32935,39.17,0.02,22.02,18.55,18.55,4,1.64,
KMT-2020-BLG-0666,SSO20N0804.004735,17:46:25.74,-23:13:16.21,9071.37688,26.37,0.125,17.5,17.24,17.24,1,1.46,
KMT-2020-BLG-0667,SSO21K0404.046235,17:52:17.02,-34:49:05.48,9055.19062,11.53,0.048,19.61,19.53,19.53,1,0.78,MB20175
KMT-2020-BLG-0668,SSO21M0506.019408,17:56:49.86,-34:33:15.98,9042.66993,45.4,0.002,22.04,18.79,18.79,1,0.62,
KMT-2020-BLG-0669,SSO21N0208.026244,17:58:44.15,-35:25:58.19,9051.22621,35.36,0.827,19.04,19.53,19.53,1,0.77,
KMT-2020-BLG-0670,SSO31T0804.029880,18:09:02.05,-26:24:26.89,9058.73266,23.78,0.237,19.13,19.16,19.16,1,1.22,
KMT-2020-BLG-0671,SSO32K0606.075626,18:07:45.97,-27:10:39.40,9042.46975,125.3,0.002,22.34,20.0,20.47,1,1.38,
KMT-2020-BLG-0672,SSO42M0404.039384,17:56:54.27,-28:42:17.78,9119.81827,93.85,0.555,19.01,19.08,19.08,1,1.86,
KMT-2020-BLG-0673,SSO42M0703.032857,17:55:12.78,-28:48:31.57,9049.02547,33.55,0.271,19.31,19.37,19.37,2,2.09,MB20170
KMT-2020-BLG-0674,SSO42M0705.011086,17:55:05.58,-28:27:57.20,9042.54483,195.43,0.003,22.86,18.36,18.36,4,2.38,
KMT-2020-BLG-0675,SSO43K0201.048094,18:00:26.70,-27:59:09.82,9047.26005,56.58,0.292,19.42,19.36,19.36,1,1.64,MB20157
KMT-2020-BLG-0676,SSO43M0406.081168,18:04:31.75,-27:14:54.60,9046.77868,94.75,0.055,22.33,19.9,19.9,1,0.91,
KMT-2020-BLG-0677,SSO03N0606.046931,18:03:40.30,-28:15:28.51,9061.37442,50.83,0.597,18.99,18.95,18.95,1,0.93,
KMT-2020-BLG-0678,SSO11K0608.054804,17:24:19.82,-28:54:45.40,9058.35616,41.69,0.003,19.99,20.0,21.31,2,1.86,
KMT-2020-BLG-0679,SSO33T0803.044993,18:08:38.15,-30:46:09.41,9075.82929,67.2,0.125,20.21,19.96,19.96,1,0.62,MB20214
KMT-2020-BLG-0680,SSO41N0605.019488,17:55:50.93,-31:48:13.90,9055.99982,8.03,0.371,18.8,18.69,18.69,1,1.22,
KMT-2020-BLG-0681,SSO02N0607.055426,17:55:52.35,-29:15:21.71,9056.31686,45.6,0.057,20.93,19.38,19.38,1,1.87,MB20180
KMT-2020-BLG-0682,SSO03T0305.099777,18:00:23.67,-28:22:25.00,8901.38565,98.65,0.634,21.67,20.0,20.58,1,1.2,
KMT-2020-BLG-0683,SSO04K0501.046012,18:00:54.45,-29:54:33.01,9054.74992,8.18,0.13,19.46,19.12,19.12,1,1.02,MB20173
KMT-2020-BLG-0684,SSO13N0103.003524,17:39:20.70,-35:06:41.47,9066.22236,35.67,0.172,18.37,17.3,17.3,2,1.93,
KMT-2020-BLG-0685,SSO15N0502.097261,17:39:10.93,-27:41:20.11,9054.27753,45.33,0.008,22.84,20.0,22.04,2,3.01,
KMT-2020-BLG-0686,SSO17M0502.060877,17:47:11.24,-32:59:35.38,9052.63824,27.26,0.046,23.25,20.0,22.47,2,3.81,
KMT-2020-BLG-0687,SSO18T0502.009051,17:43:27.57,-27:40:41.09,9059.50653,7.87,0.35,18.94,18.97,18.97,2,3.55,
KMT-2020-BLG-0688,SSO19M0203.002578,17:49:35.52,-24:19:42.02,9068.18312,14.06,0.319,17.86,17.86,17.86,2,3.39,
KMT-2020-BLG-0689,SSO31K0505.024998,18:10:38.38,-25:14:25.80,9048.98432,37.1,0.136,20.96,19.41,19.41,1,1.73,
KMT-2020-BLG-0690,SSO31K0604.029590,18:10:09.61,-25:16:53.80,9065.49065,35.79,0.181,19.44,19.53,19.53,1,1.7,MB20184
KMT-2020-BLG-0691,SSO38N0205.005242,17:58:28.38,-23:02:53.30,9060.46158,58.97,0.006,22.58,19.72,19.72,4,5.63,
KMT-2020-BLG-0692,SSO42N0206.034668,17:57:44.77,-29:27:39.31,9060.38112,56.6,0.619,18.78,18.85,18.85,1,1.59,
KMT-2020-BLG-0693,SSO42T0706.033479,17:50:03.64,-29:31:24.71,9059.14428,71.8,0.021,22.45,20.0,20.01,1,4.09,
KMT-2020-BLG-0694,SSO01N0708.014245,17:55:29.14,-31:15:41.51,9124.46631,197.72,0.053,20.45,18.41,18.41,1,1.61,MB20269
KMT-2020-BLG-0695,SSO02M0107.007113,17:58:36.54,-28:11:07.91,9104.12995,57.7,0.252,17.73,17.54,17.54,1,1.97,MB20212
KMT-2020-BLG-0696,SSO02N0104.066497,17:58:55.08,-29:34:42.71,9072.62351,79.42,0.033,20.43,19.55,19.55,1,1.54,MB20199
KMT-2020-BLG-0697,SSO02T0604.035893,17:51:12.09,-29:40:05.70,9064.76819,33.07,0.09,19.95,19.55,19.55,1,2.82,
KMT-2020-BLG-0698,SSO11K0802.023319,17:22:53.32,-29:38:58.52,9057.21713,34.4,0.117,20.27,20.0,20.14,2,1.86,
KMT-2020-BLG-0699,SSO11M0203.000089,17:31:18.55,-29:36:04.28,9069.72056,61.41,0.159,18.47,14.62,14.62,2,2.74,
KMT-2020-BLG-0700,SSO16N0202.007798,17:40:51.24,-25:32:55.68,9044.49025,31.82,0.671,18.77,18.82,18.82,2,2.31,
KMT-2020-BLG-0701,SSO20N0201.003582,17:49:37.03,-23:30:20.12,9093.91963,52.77,0.999,17.4,17.39,17.39,2,1.95,
KMT-2020-BLG-0702,SSO20N0807.010423,17:46:23.82,-22:46:00.01,9072.38586,102.92,0.074,20.24,18.42,18.42,1,1.6,
KMT-2020-BLG-0703,SSO32K0704.024963,18:07:39.56,-27:26:15.50,9048.3531,41.21,0.656,18.72,18.61,18.61,1,0.98,
KMT-2020-BLG-0704,SSO01K0403.001059,17:51:58.42,-30:42:32.51,9071.1807,6.68,0.741,15.88,15.25,15.25,1,1.95,MB20197
KMT-2020-BLG-0705,SSO02T0101.020445,17:54:05.63,-30:02:35.41,9074.19973,10.83,0.276,18.39,18.3,18.3,1,1.38,MB20215
KMT-2020-BLG-0706,SSO03N0103.000936,18:06:32.50,-28:43:22.91,9066.88221,3.08,0.144,16.9,15.06,15.06,1,0.91,
KMT-2020-BLG-0707,SSO03N0308.010828,18:05:10.26,-28:01:04.58,9066.70327,199.0,0.002,21.61,17.67,17.67,1,0.92,
KMT-2020-BLG-0708,SSO03T0204.001777,18:01:10.89,-28:33:19.19,9073.52606,56.44,0.53,18.15,15.2,15.2,1,1.04,
KMT-2020-BLG-0709,SSO04T0706.030519,17:59:46.81,-30:25:11.78,9080.5562,54.2,0.652,19.1,19.04,19.04,1,1.51,
KMT-2020-BLG-0710,SSO02M0605.029549,17:56:15.23,-28:27:30.31,9061.49081,19.33,0.019,20.6,19.91,19.91,1,2.18,
KMT-2020-BLG-0711,SSO12K0604.011410,17:24:32.11,-27:23:08.95,9064.50712,42.49,0.072,20.95,20.0,20.01,2,2.19,
KMT-2020-BLG-0712,SSO32M0107.041093,18:15:22.89,-27:06:33.59,9065.30661,30.41,0.195,20.34,19.68,19.68,1,0.78,
KMT-2020-BLG-0713,SSO42M0805.007925,17:54:22.49,-28:30:40.36,9063.13077,7.33,0.045,17.62,17.57,17.57,2,2.44,MB20196
KMT-2020-BLG-0714,SSO02T0802.002712,17:49:57.99,-29:50:57.80,9096.06443,33.89,0.892,17.1,16.89,16.89,1,3.59,
KMT-2020-BLG-0715,SSO18T0407.003310,17:43:53.83,-26:56:33.11,9070.09807,4.79,0.47,18.21,18.24,18.24,2,3.37,
KMT-2020-BLG-0716,SSO22K0302.007215,17:52:59.53,-33:02:54.38,9073.47221,16.91,0.062,17.97,17.9,17.9,1,1.5,MB20195
KMT-2020-BLG-0717,SSO18M0706.045458,17:46:43.34,-26:01:35.72,9061.64179,1.75,0.082,20.8,20.0,21.41,3,3.34,
KMT-2020-BLG-0718,SSO01N0704.009990,17:55:34.26,-31:42:59.90,9076.55465,52.9,0.14,20.34,17.99,17.99,1,1.4,
KMT-2020-BLG-0719,SSO02K0401.020565,17:52:16.92,-28:54:37.04,9088.50368,39.49,0.205,19.38,19.34,19.34,2,2.89,
KMT-2020-BLG-0720,SSO02M0804.032360,17:54:54.42,-28:33:35.46,9077.00789,18.93,0.097,21.11,19.75,19.75,2,2.22,MB20225
KMT-2020-BLG-0721,SSO02T0205.030235,17:53:17.49,-29:29:46.72,9080.91308,199.88,0.069,20.97,18.82,18.82,1,2.07,
KMT-2020-BLG-0722,SSO02T0801.009935,17:50:04.58,-30:00:11.09,9090.4277,25.58,0.092,19.46,18.77,18.77,1,3.83,
KMT-2020-BLG-0723,SSO04K0503.044617,18:01:08.64,-29:41:39.08,8909.93242,1.93,0.506,21.61,19.17,19.17,1,1.27,MB20221
KMT-2020-BLG-0724,SSO14M0703.036367,17:37:39.22,-28:32:32.57,9073.80579,76.09,0.055,22.18,20.0,21.02,2,3.36,
KMT-2020-BLG-0725,SSO17M0706.026573,17:45:24.80,-32:29:34.40,9079.72923,25.3,0.005,20.88,20.0,22.42,2,4.71,
KMT-2020-BLG-0726,SSO31K0108.001652,18:13:17.25,-24:52:03.00,9077.75509,12.53,0.632,17.39,16.58,16.58,1,1.82,
KMT-2020-BLG-0727,SSO34M0706.004220,18:05:03.34,-31:27:19.69,9096.77089,33.64,0.787,18.12,17.61,17.61,1,1.15,
KMT-2020-BLG-0728,SSO42K0501.007868,17:51:40.35,-29:02:13.16,8953.57035,86.17,0.984,19.89,18.98,18.98,2,3.6,
KMT-2020-BLG-0729,SSO42T0603.007496,17:50:55.52,-29:57:11.41,9076.14935,54.62,0.002,23.75,17.59,17.59,1,3.2,
KMT-2020-BLG-0730,SSO43K0105.040104,18:01:05.07,-27:30:05.62,9075.6743,10.08,0.04,20.72,19.19,19.19,1,1.41,MB20217
KMT-2020-BLG-0731,SSO14K0206.046972,17:36:00.75,-28:05:57.01,9081.06444,73.67,0.107,21.2,20.0,21.38,2,3.37,
KMT-2020-BLG-0732,SSO14K0404.007832,17:34:39.53,-28:23:53.77,9094.22112,33.07,0.169,18.86,18.92,18.92,2,2.95,
KMT-2020-BLG-0733,SSO14M0108.003900,17:41:08.42,-27:55:55.74,9081.5878,12.79,0.508,18.04,18.02,18.02,4,3.47,
KMT-2020-BLG-0734,SSO18T0506.008280,17:43:16.88,-27:09:38.41,9085.07082,147.72,0.023,22.11,19.13,19.13,2,3.45,
KMT-2020-BLG-0735,SSO19T0102.001836,17:45:42.74,-25:31:55.70,9132.40226,28.3,0.34,17.35,17.29,17.29,2,3.08,
KMT-2020-BLG-0736,SSO19T0202.026415,17:44:54.68,-25:35:56.18,9087.51129,118.5,0.039,22.5,20.0,20.55,2,3.09,
KMT-2020-BLG-0737,SSO32N0407.016611,18:13:44.37,-28:07:11.21,9086.95737,50.13,0.058,19.46,18.3,18.3,1,0.42,MB20222
KMT-2020-BLG-0738,SSO37M0207.005782,17:48:29.03,-34:28:55.81,9079.51583,199.3,0.04,20.66,17.49,17.49,1,1.21,MB20216
KMT-2020-BLG-0739,SSO37N0308.041398,17:47:59.14,-35:25:06.82,9085.42113,77.47,0.364,19.41,19.46,19.46,1,0.86,
KMT-2020-BLG-0740,SSO38M0604.004775,17:56:31.47,-22:00:18.68,9094.1019,63.99,0.662,18.48,18.52,18.52,4,3.5,
KMT-2020-BLG-0741,SSO42N0407.014389,17:56:54.98,-29:20:09.89,9008.37613,8.0,1.0,19.36,18.0,18.0,1,1.57,
KMT-2020-BLG-0742,SSO42T0206.044692,17:52:57.96,-29:32:24.79,9079.73358,3.35,0.02,19.33,19.31,19.31,1,2.02,MB20231
KMT-2020-BLG-0743,SSO43M0704.021670,18:02:37.13,-27:35:13.70,9071.8442,199.96,0.007,23.01,18.66,18.66,1,1.42,MB20206
KMT-2020-BLG-0744,SSO18N0707.003962,17:46:55.54,-27:01:30.18,9084.27799,14.62,0.002,20.48,18.93,18.93,2,4.86,
KMT-2020-BLG-0745,SSO43K0404.031534,17:59:33.47,-27:37:30.50,9083.03017,199.99,0.014,22.77,19.12,19.12,1,1.99,
KMT-2020-BLG-0746,SSO02M0703.072919,17:55:21.55,-28:41:38.40,9091.06343,136.38,0.026,22.51,20.0,21.0,3,2.07,
KMT-2020-BLG-0747,SSO03T0403.005309,17:59:51.03,-28:41:13.49,9108.3064,20.38,0.5,17.04,16.3,16.3,1,1.27,MB20237
KMT-2020-BLG-0748,SSO18M0805.026064,17:46:29.30,-26:08:44.02,9084.56029,48.33,0.025,21.96,20.0,20.41,2,3.1,
KMT-2020-BLG-0749,SSO19T0404.057019,17:43:49.95,-25:16:26.72,9096.01648,58.49,0.365,19.86,20.0,21.52,2,3.1,
KMT-2020-BLG-0750,SSO21K0508.001755,17:51:44.36,-34:24:05.00,9140.45374,48.86,0.086,15.72,15.73,15.73,1,0.91,MB20185
KMT-2020-BLG-0751,SSO22M0706.008124,17:55:10.99,-32:30:00.29,9102.41976,58.33,0.075,19.45,18.31,18.31,1,1.8,MB20243
KMT-2020-BLG-0752,SSO22N0707.016222,17:55:15.68,-33:27:32.11,9100.36777,49.54,0.254,18.73,18.64,18.64,1,1.18,MB20236
KMT-2020-BLG-0753,SSO32M0304.007793,18:14:21.40,-27:28:43.00,9109.50226,36.57,0.932,17.63,17.64,17.64,1,0.63,
KMT-2020-BLG-0754,SSO32T0406.033007,18:09:06.15,-28:18:19.40,9087.37202,28.49,0.078,20.66,19.25,19.25,1,1.25,
KMT-2020-BLG-0755,SSO42N0307.062670,17:57:15.41,-29:22:21.90,9090.09293,199.83,0.014,22.93,19.81,19.81,1,1.89,
KMT-2020-BLG-0756,SSO43M0204.007811,18:05:22.92,-27:30:33.08,9088.78652,59.61,0.934,18.21,17.32,17.32,1,0.81,
KMT-2020-BLG-0757,SSO43M0401.036278,18:04:32.48,-27:55:21.68,9112.43201,57.49,0.264,18.9,18.93,18.93,1,1.11,MB20249
KMT-2020-BLG-0758,SSO43N0503.061793,18:03:48.49,-28:52:48.79,9086.85655,4.29,0.037,18.68,19.34,19.34,1,0.73,
KMT-2020-BLG-0759,SSO01K0705.044670,17:50:42.08,-30:31:23.02,9089.95198,9.84,0.786,20.02,19.9,19.9,1,2.57,
KMT-2020-BLG-0760,SSO01T0205.019136,17:53:27.08,-31:36:54.90,9103.19056,22.34,0.054,19.16,19.08,19.08,1,2.05,MB20248
KMT-2020-BLG-0761,SSO02K0205.030448,17:53:14.95,-28:26:08.56,9090.65689,8.05,0.38,19.97,19.95,19.95,2,2.54,
KMT-2020-BLG-0762,SSO02M0504.031926,17:56:33.14,-28:31:33.71,9098.09263,107.16,0.171,20.47,18.79,18.79,1,1.7,
KMT-2020-BLG-0763,SSO04T0704.013816,17:59:39.39,-30:37:40.30,9102.28461,52.98,0.174,19.69,18.46,18.46,1,1.37,MB20242
KMT-2020-BLG-0764,SSO14K0307.001405,17:35:05.89,-28:03:28.69,9132.08997,44.27,0.108,17.42,17.41,17.41,2,3.22,
KMT-2020-BLG-0765,SSO14M0306.002871,17:40:07.74,-28:11:43.26,9095.32017,4.72,0.904,17.75,17.72,17.72,2,3.45,
KMT-2020-BLG-0766,SSO15T0705.013782,17:32:53.19,-27:16:41.88,9099.96367,86.71,0.054,21.24,20.0,20.08,2,2.59,
KMT-2020-BLG-0767,SSO16N0802.002159,17:37:25.88,-25:34:10.67,9097.6712,59.58,0.426,20.59,18.59,18.59,2,3.78,
KMT-2020-BLG-0768,SSO18M0106.010731,17:50:09.74,-26:02:19.32,9092.14162,120.55,0.004,22.76,20.0,22.03,3,6.86,
KMT-2020-BLG-0769,SSO18M0706.011032,17:46:53.80,-25:59:20.58,9096.28755,29.82,0.154,19.69,19.6,19.6,2,3.56,
KMT-2020-BLG-0770,SSO19K0406.055573,17:43:47.35,-23:56:14.10,9104.80958,37.61,0.238,19.93,20.0,20.03,1,1.67,
KMT-2020-BLG-0771,SSO19K0601.024443,17:42:50.64,-24:32:37.00,9092.93148,0.52,0.078,19.36,19.56,19.56,1,2.04,
KMT-2020-BLG-0772,SSO19T0607.062778,17:42:48.77,-24:57:51.91,9088.89647,1.97,0.008,20.21,20.0,21.61,2,2.85,
KMT-2020-BLG-0773,SSO20M0205.001130,17:49:39.93,-21:52:47.68,9107.21692,24.94,0.183,16.86,16.59,16.59,4,2.56,
KMT-2020-BLG-0774,SSO22N0604.061797,17:55:47.00,-33:54:29.81,9094.53501,23.47,0.002,20.07,20.0,20.09,1,0.81,MB20241
KMT-2020-BLG-0775,SSO33K0808.043890,18:08:46.81,-29:03:55.91,9090.84696,14.88,0.138,19.68,19.54,19.54,1,0.82,
KMT-2020-BLG-0776,SSO37K0305.043232,17:42:40.14,-34:46:14.92,9094.85139,130.54,0.106,20.7,20.0,20.42,2,2.01,
KMT-2020-BLG-0777,SSO41K0308.035742,17:52:32.98,-30:17:44.74,9097.30661,34.02,0.582,19.52,19.45,19.45,2,1.86,
KMT-2020-BLG-0778,SSO41N0407.052725,17:57:01.28,-31:30:45.90,9092.14628,9.46,0.204,19.99,19.81,19.81,1,1.58,
KMT-2020-BLG-0779,SSO42N0405.038114,17:56:41.54,-29:35:28.72,9101.97742,40.3,0.241,19.26,19.04,19.04,1,1.59,MB20253
KMT-2020-BLG-0780,SSO01T0507.028624,17:51:27.52,-31:23:58.81,9099.38978,25.12,0.056,20.01,20.0,20.39,1,2.89,MB20247
KMT-2020-BLG-0781,SSO02T0404.029686,17:52:04.38,-29:35:13.60,9098.442,5.63,0.387,19.02,18.9,18.9,1,2.49,
KMT-2020-BLG-0782,SSO16M0707.029523,17:37:52.28,-23:44:05.53,9101.15504,51.82,0.204,19.87,20.0,20.2,2,1.83,
KMT-2020-BLG-0783,SSO19N0605.053426,17:47:29.37,-25:09:00.22,9090.86925,7.12,0.418,20.07,20.0,22.15,2,4.05,
KMT-2020-BLG-0784,SSO02K0403.026068,17:52:31.71,-28:36:34.45,9104.5036,56.23,0.274,20.04,20.0,20.33,3,3.15,
KMT-2020-BLG-0785,SSO02N0407.068826,17:57:09.32,-29:12:58.72,9110.57854,28.08,0.532,19.74,19.81,19.81,1,2.06,
KMT-2020-BLG-0786,SSO02T0604.004051,17:51:02.45,-29:38:29.51,9086.85581,1.61,0.104,19.61,16.79,16.79,1,2.98,
KMT-2020-BLG-0787,SSO04T0607.000434,18:00:30.45,-30:14:26.41,9118.03203,70.61,0.059,17.6,14.22,14.22,1,1.02,MB20255
KMT-2020-BLG-0788,SSO15N0402.102734,17:39:21.30,-27:36:36.65,9094.82332,117.89,0.033,22.2,20.0,22.12,2,2.88,
KMT-2020-BLG-0789,SSO15N0505.004520,17:39:14.04,-27:18:49.07,9106.05501,11.96,0.352,17.72,17.65,17.65,2,2.5,
KMT-2020-BLG-0790,SSO18K0408.006548,17:43:44.65,-25:45:07.99,9106.87212,92.83,0.153,20.44,18.57,18.57,2,2.6,
KMT-2020-BLG-0791,SSO19K0101.023768,17:45:23.17,-24:29:20.69,9102.55138,8.59,0.058,21.05,20.0,20.03,1,2.6,
KMT-2020-BLG-0792,SSO21K0506.004450,17:51:34.29,-34:37:33.49,9111.40463,50.26,0.3,19.09,17.03,17.03,1,0.93,
KMT-2020-BLG-0793,SSO37K0305.028200,17:42:53.03,-34:43:58.15,9083.88427,77.71,0.329,19.82,20.0,20.0,2,1.81,
KMT-2020-BLG-0794,SSO42M0507.064157,17:56:03.30,-28:17:03.88,9096.20084,17.53,0.014,23.07,20.0,20.42,2,2.44,
KMT-2020-BLG-0795,SSO43K0501.053168,17:59:02.85,-27:59:57.91,9117.34775,35.89,0.069,19.96,19.95,19.95,1,2.08,MB20266
KMT-2020-BLG-0796,SSO43M0306.005764,18:04:56.11,-27:20:02.69,9097.48127,6.16,0.786,17.7,16.78,16.78,1,0.99,
KMT-2020-BLG-0797,SSO02N0708.004281,17:55:32.61,-29:05:42.58,9136.61371,38.03,0.033,16.56,16.57,16.57,2,1.8,MB20250
KMT-2020-BLG-0798,SSO02T0302.054138,17:52:54.55,-29:54:21.31,9103.36842,8.92,0.053,19.57,19.41,19.41,1,1.76,MB20256
KMT-2020-BLG-0799,SSO03N0103.031717,18:06:41.85,-28:38:08.02,9104.11577,195.85,0.012,22.87,18.97,18.97,1,0.92,
KMT-2020-BLG-0800,SSO03N0805.049522,18:02:26.82,-28:24:38.48,9105.65443,9.32,0.036,19.25,19.01,19.01,1,1.07,
KMT-2020-BLG-0801,SSO04K0305.023026,18:02:21.77,-29:26:08.48,9106.06119,154.42,0.009,22.44,18.78,18.78,1,1.19,MB20261
KMT-2020-BLG-0802,SSO11N0804.021468,17:28:08.72,-30:34:07.36,9102.32998,50.11,0.387,19.83,20.0,20.78,2,3.04,
KMT-2020-BLG-0803,SSO12N0106.000494,17:31:45.07,-28:12:40.61,9087.09853,49.84,0.063,17.47,15.93,15.93,4,2.37,
KMT-2020-BLG-0804,SSO14K0208.077950,17:35:51.49,-27:56:55.97,9105.59774,24.35,0.07,22.19,20.0,22.36,2,3.56,
KMT-2020-BLG-0805,SSO14K0702.054553,17:32:40.29,-28:38:40.96,9104.92247,134.61,0.013,23.09,20.0,22.07,2,3.58,
KMT-2020-BLG-0806,SSO14M0502.013735,17:39:02.21,-28:36:16.85,9107.68147,14.36,0.098,20.01,20.0,20.04,2,4.14,
KMT-2020-BLG-0807,SSO14T0408.006060,17:34:56.00,-29:00:51.23,9107.98201,31.38,0.605,19.24,18.53,18.53,2,3.09,
KMT-2020-BLG-0808,SSO15M0103.017287,17:40:56.97,-26:28:12.94,9123.67577,112.2,0.066,20.23,20.0,20.34,2,2.97,
KMT-2020-BLG-0809,SSO15M0302.010923,17:40:00.28,-26:28:54.55,9102.52621,52.62,0.471,19.71,19.34,19.34,2,2.77,
KMT-2020-BLG-0810,SSO16N0706.010475,17:38:08.31,-25:00:32.98,9106.26019,34.63,0.094,20.23,19.99,19.99,2,2.68,
KMT-2020-BLG-0811,SSO17M0307.014620,17:48:00.79,-32:23:08.81,9106.14316,25.47,0.042,20.67,20.0,21.55,2,4.59,
KMT-2020-BLG-0812,SSO18K0601.060188,17:42:32.62,-26:36:05.00,9108.17015,17.39,0.409,20.16,20.0,21.58,2,3.19,
KMT-2020-BLG-0813,SSO19N0802.024276,17:46:22.76,-25:35:51.76,9105.15872,3.31,0.097,20.12,20.0,20.37,2,2.62,
KMT-2020-BLG-0814,SSO19T0305.006948,17:44:29.56,-25:06:54.54,8947.88443,45.49,1.0,21.87,18.72,18.72,2,2.41,
KMT-2020-BLG-0815,SSO20K0602.003111,17:43:06.95,-22:19:20.89,9094.86985,12.14,0.695,18.85,17.34,17.34,1,1.63,
KMT-2020-BLG-0816,SSO20T0506.007736,17:43:13.58,-22:51:45.79,9107.91651,24.4,0.501,19.17,19.11,19.11,2,1.82,
KMT-2020-BLG-0817,SSO22M0202.015786,17:58:21.60,-32:56:35.48,9101.45204,10.0,0.292,19.58,19.0,19.0,1,1.41,
KMT-2020-BLG-0818,SSO32K0707.018964,18:07:21.36,-27:07:29.60,9106.97542,37.07,0.111,19.95,18.45,18.45,1,1.07,MB20262
KMT-2020-BLG-0819,SSO35K0105.070796,18:03:46.00,-25:09:13.43,9101.14874,34.07,0.077,20.02,20.0,25.0,3,3.18,
KMT-2020-BLG-0820,SSO41N0506.029548,17:56:21.86,-31:38:20.29,9114.8834,88.45,0.024,20.56,19.25,19.25,1,1.73,MB20268
KMT-2020-BLG-0821,SSO03N0601.001242,18:03:31.89,-28:53:32.50,9153.03204,33.12,0.08,16.12,14.94,14.94,1,0.7,MB20270
KMT-2020-BLG-0822,SSO04K0707.012405,18:00:02.98,-29:10:59.48,9118.67826,15.25,0.078,17.95,17.7,17.7,1,1.08,
KMT-2020-BLG-0823,SSO14T0301.010605,17:35:18.27,-29:53:53.92,9132.63456,47.54,0.526,19.15,19.15,19.15,2,3.14,
KMT-2020-BLG-0824,SSO35T0404.052300,18:02:12.60,-26:30:23.58,9156.16319,10.72,0.002,19.19,20.0,21.14,2,2.5,
KMT-2020-BLG-0825,SSO41M0701.041119,17:55:24.66,-31:07:22.30,9027.14559,10.54,0.112,19.42,19.32,19.32,1,1.54,
KMT-2020-BLG-0826,SSO22M0103.027970,17:58:54.53,-32:55:50.92,9111.35713,74.32,0.372,19.26,19.41,19.41,1,1.36,
KMT-2020-BLG-0827,SSO22N0304.003267,17:57:46.28,-33:54:05.51,9141.90928,62.64,0.894,17.24,16.8,16.8,1,0.67,
KMT-2020-BLG-0828,SSO43T0601.088259,17:58:32.66,-29:05:03.91,9132.07225,199.84,0.059,20.94,19.97,19.97,1,1.27,MB20276
KMT-2020-BLG-0829,SSO01K0401.003867,17:52:22.54,-30:59:47.40,9116.68014,23.41,0.052,17.78,16.65,16.65,1,2.34,MB20267
KMT-2020-BLG-0830,SSO21T0407.002424,17:52:21.06,-35:35:12.19,9147.9033,59.32,0.418,18.12,16.38,16.38,1,0.83,
KMT-2020-BLG-0831,SAO01K0408.012483,17:52:02.99,-30:10:42.60,9125.31652,30.35,0.029,19.85,17.78,17.78,1,1.92,
KMT-2020-BLG-0832,SAO02K0604.003568,17:51:01.84,-28:29:05.21,9124.83398,13.23,0.185,17.72,17.68,17.68,2,4.2,
KMT-2020-BLG-0833,SSO02N0203.004309,17:58:09.22,-29:45:53.39,9102.3982,55.11,0.283,16.07,16.05,16.05,1,1.19,
KMT-2020-BLG-0834,SAO02T0404.030966,17:52:15.51,-29:37:55.42,9127.57872,42.52,0.127,18.96,18.95,18.95,1,2.38,
KMT-2020-BLG-0835,SAO03N0606.011371,18:03:24.79,-28:19:10.42,9125.36322,4.84,0.641,17.73,17.61,17.61,1,0.89,
KMT-2020-BLG-0836,SAO04M0606.014851,18:05:15.53,-29:20:16.69,9140.66187,83.53,0.057,16.81,18.2,18.2,1,0.95,
KMT-2020-BLG-0837,SAO15M0502.008144,17:38:50.04,-26:35:47.44,9120.81193,14.09,0.061,19.11,19.34,19.34,2,2.9,
KMT-2020-BLG-0838,SSO18K0207.003393,17:44:46.25,-25:49:53.58,9146.07675,48.0,0.235,18.6,17.96,17.96,2,3.44,
KMT-2020-BLG-0839,SAO19K0104.010111,17:45:35.92,-24:09:13.21,9129.68425,34.21,0.037,19.39,18.44,18.44,1,2.12,
KMT-2020-BLG-0840,SSO19K0403.043367,17:43:46.32,-24:16:44.90,9123.02246,43.44,0.152,20.74,19.71,19.71,1,1.79,
KMT-2020-BLG-0841,SSO19K0604.008858,17:42:43.89,-24:12:27.61,9141.13755,42.54,0.148,18.24,18.21,18.21,1,1.71,
KMT-2020-BLG-0842,SAO19M0803.049068,17:46:30.04,-24:13:55.06,9120.06937,123.03,0.023,22.47,20.0,20.85,2,2.29,
KMT-2020-BLG-0843,SSO21M0107.001143,17:59:05.74,-34:27:49.21,9140.4537,21.94,0.994,16.04,15.48,15.48,1,0.55,
KMT-2020-BLG-0844,SSO32K0302.049338,18:09:30.70,-27:39:34.70,9128.64395,75.58,0.057,19.5,19.53,19.53,1,0.92,
KMT-2020-BLG-0845,SAO41N0403.058695,17:57:07.10,-31:58:58.51,9129.58227,155.68,0.024,22.4,20.0,20.2,1,1.52,
KMT-2020-BLG-0846,SSO42K0502.006490,17:51:30.76,-28:57:31.68,9128.40996,11.19,0.748,18.47,18.5,18.5,3,4.18,
KMT-2020-BLG-0847,SSO42N0307.022152,17:57:42.71,-29:24:33.70,9124.11103,17.95,0.221,18.85,18.76,18.76,1,1.82,
KMT-2020-BLG-0848,SAO43K0607.009805,17:58:26.76,-27:15:13.46,9138.82092,39.06,0.102,18.81,18.78,18.78,2,2.92,MB20283
KMT-2020-BLG-0849,SAO43K0803.008690,17:57:33.05,-27:44:49.02,9128.65821,195.25,0.018,21.75,19.81,19.81,2,3.5,
KMT-2020-BLG-0850,SSO43M0605.011281,18:03:15.43,-27:28:23.20,9140.96038,38.2,0.698,18.3,18.25,18.25,1,1.46,
KMT-2020-BLG-0851,SAO43T0301.039042,18:00:25.02,-29:03:46.12,9138.64888,47.96,0.133,18.99,18.68,18.68,1,1.01,
KMT-2020-BLG-0852,SSO43T0801.019461,17:57:14.16,-29:00:50.40,9124.0205,19.84,0.243,18.3,18.38,18.38,1,1.54,MB20279
KMT-2020-BLG-0853,SSO01K0108.031862,17:53:59.51,-30:10:08.62,9086.70063,1.73,0.002,18.61,18.85,18.85,2,1.4,
KMT-2020-BLG-0854,SSO01N0802.007151,17:55:03.13,-32:03:23.11,9130.56643,124.83,0.019,22.75,17.78,17.78,1,1.56,
KMT-2020-BLG-0855,SSO04M0606.055943,18:05:28.29,-29:18:50.80,9154.03175,44.36,0.38,19.39,19.52,19.52,1,0.92,
KMT-2020-BLG-0856,SAO04N0602.004605,18:05:30.41,-30:57:57.49,9137.314,13.98,0.29,18.47,17.56,17.56,1,1.22,MB20284
KMT-2020-BLG-0857,SSO15N0107.042486,17:41:15.39,-27:03:00.22,9132.63771,74.13,0.006,21.92,20.0,21.8,2,3.77,
KMT-2020-BLG-0858,SSO17T0301.003103,17:42:57.49,-34:12:30.71,9129.54195,11.32,0.937,16.83,16.82,16.82,1,1.97,
KMT-2020-BLG-0859,SSO17T0806.000567,17:39:52.68,-33:34:50.45,9133.0985,10.27,0.189,16.29,16.27,16.27,4,3.27,
KMT-2020-BLG-0860,SAO19K0102.053564,17:45:33.73,-24:27:27.11,9131.73271,25.41,0.175,19.88,20.0,20.67,1,2.49,
KMT-2020-BLG-0861,SAO19K0205.017843,17:44:54.63,-24:05:21.80,9135.04635,64.68,0.052,21.32,18.89,18.89,1,1.73,
KMT-2020-BLG-0862,SSO19T0606.025772,17:42:45.76,-25:04:56.39,9130.98987,181.31,0.01,23.91,19.94,19.94,1,2.63,
KMT-2020-BLG-0863,SSO22K0606.004314,17:50:52.31,-32:26:29.00,9139.6626,24.77,0.765,17.84,17.85,17.85,1,3.01,
KMT-2020-BLG-0864,SSO22K0704.038389,17:50:14.47,-32:48:20.92,9134.9213,199.53,0.058,20.92,20.0,20.05,1,2.15,
KMT-2020-BLG-0865,SSO22M0203.007992,17:58:27.91,-32:55:22.30,9140.98363,35.5,0.103,20.98,18.28,18.28,1,1.41,
KMT-2020-BLG-0866,SAO22M0708.016206,17:55:13.81,-32:18:06.08,9132.98183,32.69,0.071,20.76,19.01,19.01,1,1.75,
KMT-2020-BLG-0867,SSO31T0107.005608,18:13:18.75,-26:08:17.92,9119.81496,48.53,0.185,19.66,17.66,17.66,1,1.02,
KMT-2020-BLG-0868,SAO32T0605.001274,18:07:58.93,-28:23:14.32,9135.79206,4.91,0.219,15.31,15.36,15.36,1,1.04,MB20286
KMT-2020-BLG-0869,SAO42T0508.000687,17:51:34.05,-29:19:18.59,9132.12979,10.09,0.076,17.97,15.52,15.52,1,3.36,MB20281
KMT-2020-BLG-0870,SSO43K0106.039307,18:01:20.57,-27:20:26.41,9129.39069,2.4,0.102,20.92,19.42,19.42,1,1.63,
KMT-2020-BLG-0871,SSO02T0105.067615,17:53:51.18,-29:28:48.50,9122.09781,199.99,0.021,20.87,19.57,19.57,1,1.69,MB20277
KMT-2020-BLG-0872,SSO03N0708.084997,18:02:58.59,-28:04:27.41,9101.77914,43.86,0.786,19.96,19.86,19.86,1,0.82,
KMT-2020-BLG-0873,SAO33K0402.041677,18:11:10.75,-29:49:49.80,9132.73545,140.05,0.034,21.97,19.63,19.63,1,0.66,
KMT-2020-BLG-0874,SSO33K0708.015839,18:09:10.71,-29:05:06.22,9141.56263,78.82,0.872,18.46,18.49,18.49,1,0.99,
KMT-2020-BLG-0875,SAO42N0405.034104,17:56:55.31,-29:42:18.68,9142.37391,114.04,0.378,18.85,18.94,18.94,1,1.69,
KMT-2020-BLG-0876,SSO43N0701.066134,18:02:47.80,-29:04:12.61,9130.65601,173.32,0.002,22.8,19.57,19.57,1,0.96,
KMT-2020-BLG-0877,SSO01K0105.031505,17:54:01.45,-30:33:19.01,9134.98358,6.68,0.312,19.09,18.9,18.9,1,1.47,
KMT-2020-BLG-0878,SAO11M0608.004367,17:29:00.49,-28:56:50.71,9104.38374,74.77,0.858,17.59,17.64,17.64,2,1.9,
KMT-2020-BLG-0879,SAO19K0507.016662,17:43:19.42,-23:46:05.70,9135.89375,12.98,0.32,19.06,18.83,18.83,1,1.6,
KMT-2020-BLG-0880,SAO21M0606.047895,17:55:52.22,-34:37:29.21,9131.4391,34.82,0.101,21.87,19.81,19.81,1,0.69,
KMT-2020-BLG-0881,SAO41N0805.008385,17:54:19.24,-31:41:59.50,9148.44011,31.06,0.382,19.06,17.94,17.94,1,1.6,
KMT-2020-BLG-0882,SAO01T0302.055596,17:52:37.18,-31:59:18.60,9139.76954,199.89,0.352,20.08,20.0,20.11,1,2.03,
KMT-2020-BLG-0883,SAO02N0805.013386,17:54:55.67,-29:31:03.40,9150.38051,9.69,0.999,17.72,17.58,17.58,1,1.43,
KMT-2020-BLG-0884,SAO02T0301.003952,17:52:53.38,-30:02:09.82,9140.56739,8.18,0.41,19.07,16.19,16.19,1,1.7,
KMT-2020-BLG-0885,SAO04T0804.013242,17:59:31.41,-30:37:06.49,9132.56539,11.43,0.742,18.58,18.56,18.56,1,1.37,
KMT-2020-BLG-0886,SAO14K0804.025854,17:32:13.98,-28:26:42.25,9136.59589,9.93,0.299,20.19,20.0,20.3,2,2.61,
KMT-2020-BLG-0887,SSO14M0405.093840,17:39:32.13,-28:18:34.56,9141.82183,17.69,0.017,19.82,20.0,25.0,3,3.04,
KMT-2020-BLG-0888,SSO15M0505.001535,17:39:11.33,-26:09:38.45,9147.97029,16.08,0.199,17.85,17.3,17.3,2,2.58,
KMT-2020-BLG-0889,SAO18T0602.023352,17:43:01.50,-27:38:07.62,9149.38894,82.71,0.041,21.97,20.0,20.52,2,3.96,
KMT-2020-BLG-0890,SAO19K0308.032202,17:44:23.63,-23:39:04.79,9141.92074,18.6,0.369,19.34,19.38,19.38,1,1.37,
KMT-2020-BLG-0891,SAO19T0205.026808,17:44:59.82,-25:08:10.93,9136.29554,108.85,0.038,23.4,20.0,20.25,2,2.63,
KMT-2020-BLG-0892,SAO22K0207.028708,17:53:28.58,-32:24:11.70,9141.66528,196.05,0.026,21.9,19.29,19.29,1,1.62,MB20291
KMT-2020-BLG-0893,SAO37K0808.003394,17:39:54.72,-34:22:13.66,9040.90901,2.78,0.095,17.8,17.85,17.85,2,2.72,
KMT-2020-BLG-0894,SAO43K0403.075579,17:59:50.84,-27:44:49.42,9136.92335,163.37,0.002,23.87,20.0,20.43,1,2.07,
