MJD,Magnitude,Error,Facility,Filter,Observer
57805.33614999987,18.9373,0.1151,CTIO_KMTC19,KMT(I),KMT
57805.38341999985,19.1149,0.0827,CTIO_KMTC19,KMT(I),KMT
57806.341159999836,19.0898,0.0876,CTIO_KMTC19,KMT(I),KMT
57806.35319999978,19.0579,0.0647,CTIO_KMTC19,KMT(I),KMT
57806.38758999994,19.2992,0.0771,CTIO_KMTC19,KMT(I),KMT
57807.3259800002,19.1464,0.089,CTIO_KMTC19,KMT(I),KMT
57807.32743000006,18.9405,0.0863,CTIO_KMTC19,KMT(I),KMT
57807.33363999985,18.8728,0.0868,CTIO_KMTC19,KMT(I),KMT
57807.377749999985,19.2381,0.0767,CTIO_KMTC19,KMT(I),KMT
57808.33061000006,19.1938,0.1263,CTIO_KMTC19,KMT(I),KMT
57808.36963000009,18.9987,0.1082,CTIO_KMTC19,KMT(I),KMT
57809.328410000075,18.9522,0.0737,CTIO_KMTC19,KMT(I),KMT
57809.33470000001,18.8779,0.0818,CTIO_KMTC19,KMT(I),KMT
57809.37309999997,19.0579,0.1017,CTIO_KMTC19,KMT(I),KMT
57810.32556999987,19.0536,0.0901,CTIO_KMTC19,KMT(I),KMT
57810.36279999977,19.295,0.0872,CTIO_KMTC19,KMT(I),KMT
57811.32886999985,19.0728,0.1141,CTIO_KMTC19,KMT(I),KMT
57811.349679999985,19.142,0.09,CTIO_KMTC19,KMT(I),KMT
57811.39258000022,19.2125,0.0559,CTIO_KMTC19,KMT(I),KMT
57812.32041999977,19.1523,0.0997,CTIO_KMTC19,KMT(I),KMT
57812.371009999886,19.2108,0.0687,CTIO_KMTC19,KMT(I),KMT
57813.31161999982,19.0104,0.0864,CTIO_KMTC19,KMT(I),KMT
57813.337249999866,19.3097,0.0776,CTIO_KMTC19,KMT(I),KMT
57813.38361999998,19.2637,0.0531,CTIO_KMTC19,KMT(I),KMT
57814.324029999785,18.9554,0.0572,CTIO_KMTC19,KMT(I),KMT
57814.3355200002,19.2592,0.0557,CTIO_KMTC19,KMT(I),KMT
57814.358070000075,19.3296,0.0797,CTIO_KMTC19,KMT(I),KMT
57814.39691000013,19.3128,0.0584,CTIO_KMTC19,KMT(I),KMT
57815.31484000012,19.2592,0.0698,CTIO_KMTC19,KMT(I),KMT
57815.32883000001,18.9123,0.0966,CTIO_KMTC19,KMT(I),KMT
57815.37703000009,19.2864,0.0886,CTIO_KMTC19,KMT(I),KMT
57815.395740000065,19.2487,0.0675,CTIO_KMTC19,KMT(I),KMT
57816.308310000226,19.0311,0.0932,CTIO_KMTC19,KMT(I),KMT
57816.35395999998,19.1349,0.0677,CTIO_KMTC19,KMT(I),KMT
57816.38972999994,19.1205,0.0638,CTIO_KMTC19,KMT(I),KMT
57817.32394000003,19.0134,0.0775,CTIO_KMTC19,KMT(I),KMT
57817.36788999988,19.0749,0.0717,CTIO_KMTC19,KMT(I),KMT
57819.302720000036,19.083,0.0542,CTIO_KMTC19,KMT(I),KMT
57819.33163999999,19.2881,0.0578,CTIO_KMTC19,KMT(I),KMT
57819.37955000019,19.2317,0.0454,CTIO_KMTC19,KMT(I),KMT
57820.30018999986,19.1525,0.0799,CTIO_KMTC19,KMT(I),KMT
57820.3330000001,19.3752,0.067,CTIO_KMTC19,KMT(I),KMT
57820.37159000011,19.2846,0.0698,CTIO_KMTC19,KMT(I),KMT
57821.29309999989,19.01,0.0739,CTIO_KMTC19,KMT(I),KMT
57821.29459000006,19.0683,0.0713,CTIO_KMTC19,KMT(I),KMT
57821.296300000045,19.1528,0.093,CTIO_KMTC19,KMT(I),KMT
57821.33497999981,18.9975,0.0682,CTIO_KMTC19,KMT(I),KMT
57821.376389999874,19.2053,0.0489,CTIO_KMTC19,KMT(I),KMT
57822.29422000004,19.1851,0.134,CTIO_KMTC19,KMT(I),KMT
57822.29558000015,18.8894,0.0932,CTIO_KMTC19,KMT(I),KMT
57822.33118999982,19.2019,0.0689,CTIO_KMTC19,KMT(I),KMT
57822.37486999994,19.2683,0.0633,CTIO_KMTC19,KMT(I),KMT
57823.291240000166,19.2097,0.1213,CTIO_KMTC19,KMT(I),KMT
57823.307140000165,19.102,0.0943,CTIO_KMTC19,KMT(I),KMT
57823.359629999846,19.1416,0.0862,CTIO_KMTC19,KMT(I),KMT
57824.28529000003,18.8627,0.0904,CTIO_KMTC19,KMT(I),KMT
57824.3232499999,19.0589,0.088,CTIO_KMTC19,KMT(I),KMT
57824.373689999804,19.0226,0.0708,CTIO_KMTC19,KMT(I),KMT
57826.274559999816,18.8131,0.066,CTIO_KMTC19,KMT(I),KMT
57826.29257000005,19.2324,0.1089,CTIO_KMTC19,KMT(I),KMT
57826.342019999865,19.0903,0.0663,CTIO_KMTC19,KMT(I),KMT
57826.38789999997,18.96,0.1592,CTIO_KMTC19,KMT(I),KMT
57827.27119999984,19.0829,0.0906,CTIO_KMTC19,KMT(I),KMT
57827.295859999955,19.1699,0.1958,CTIO_KMTC19,KMT(I),KMT
57827.34543999983,19.0915,0.0811,CTIO_KMTC19,KMT(I),KMT
57827.383349999785,19.2053,0.0588,CTIO_KMTC19,KMT(I),KMT
57828.27251000004,19.1998,0.1143,CTIO_KMTC19,KMT(I),KMT
57828.287140000146,19.2766,0.1052,CTIO_KMTC19,KMT(I),KMT
57828.338299999945,19.2762,0.0926,CTIO_KMTC19,KMT(I),KMT
57828.37435999978,19.3226,0.0581,CTIO_KMTC19,KMT(I),KMT
57828.3757600002,19.4262,0.0615,CTIO_KMTC19,KMT(I),KMT
57829.27061000001,19.0509,0.1012,CTIO_KMTC19,KMT(I),KMT
57829.294559999835,19.0854,0.1274,CTIO_KMTC19,KMT(I),KMT
57829.33161000023,19.0554,0.0778,CTIO_KMTC19,KMT(I),KMT
57829.36642999994,19.2831,0.0826,CTIO_KMTC19,KMT(I),KMT
57830.262500000186,19.2832,0.1288,CTIO_KMTC19,KMT(I),KMT
57830.27655000007,19.3652,0.0972,CTIO_KMTC19,KMT(I),KMT
57830.31472000014,19.2446,0.0932,CTIO_KMTC19,KMT(I),KMT
57830.3592699999,19.2607,0.0789,CTIO_KMTC19,KMT(I),KMT
57830.399110000115,19.3867,0.0638,CTIO_KMTC19,KMT(I),KMT
57831.26252999995,19.2488,0.1519,CTIO_KMTC19,KMT(I),KMT
57831.26970000006,18.865,0.0994,CTIO_KMTC19,KMT(I),KMT
57831.31163999997,19.2536,0.1322,CTIO_KMTC19,KMT(I),KMT
57831.36108000018,19.366,0.1571,CTIO_KMTC19,KMT(I),KMT
57831.40034000017,19.1922,0.2431,CTIO_KMTC19,KMT(I),KMT
57832.25924000004,19.1979,0.2357,CTIO_KMTC19,KMT(I),KMT
57832.26483999984,19.3756,0.2095,CTIO_KMTC19,KMT(I),KMT
57832.26641000016,19.191,0.1815,CTIO_KMTC19,KMT(I),KMT
57832.31348000001,19.1014,0.1518,CTIO_KMTC19,KMT(I),KMT
57832.379819999915,18.9782,0.1584,CTIO_KMTC19,KMT(I),KMT
57833.25677999994,19.1414,0.0749,CTIO_KMTC19,KMT(I),KMT
57833.27434,19.1577,0.0924,CTIO_KMTC19,KMT(I),KMT
57833.325610000174,19.4512,0.0908,CTIO_KMTC19,KMT(I),KMT
57833.36392999999,19.3511,0.0873,CTIO_KMTC19,KMT(I),KMT
57833.39989,19.2292,0.0663,CTIO_KMTC19,KMT(I),KMT
57834.25622999994,19.0799,0.0866,CTIO_KMTC19,KMT(I),KMT
57834.30604999978,19.1667,0.0682,CTIO_KMTC19,KMT(I),KMT
57834.34769999981,19.2789,0.0574,CTIO_KMTC19,KMT(I),KMT
57834.38385999994,19.3054,0.0551,CTIO_KMTC19,KMT(I),KMT
57835.24964000005,19.3457,0.0808,CTIO_KMTC19,KMT(I),KMT
57835.29893000005,19.1489,0.0733,CTIO_KMTC19,KMT(I),KMT
57835.33872999996,19.2337,0.0758,CTIO_KMTC19,KMT(I),KMT
57835.38794999989,19.4077,0.0562,CTIO_KMTC19,KMT(I),KMT
57836.243689999916,18.8405,0.0676,CTIO_KMTC19,KMT(I),KMT
57836.24517000001,18.8194,0.0847,CTIO_KMTC19,KMT(I),KMT
57836.27504999982,18.9031,0.0875,CTIO_KMTC19,KMT(I),KMT
57836.31697000004,18.967,0.0669,CTIO_KMTC19,KMT(I),KMT
57836.36883000005,19.1622,0.0699,CTIO_KMTC19,KMT(I),KMT
57837.2424300001,18.8248,0.0815,CTIO_KMTC19,KMT(I),KMT
57837.27017999999,18.9877,0.1002,CTIO_KMTC19,KMT(I),KMT
57837.31208000006,18.9701,0.088,CTIO_KMTC19,KMT(I),KMT
57837.36971999984,18.943,0.0878,CTIO_KMTC19,KMT(I),KMT
57837.410399999935,18.9058,0.0604,CTIO_KMTC19,KMT(I),KMT
57838.30327000003,18.8776,0.0616,CTIO_KMTC19,KMT(I),KMT
57838.34617999988,19.0974,0.0477,CTIO_KMTC19,KMT(I),KMT
57838.38669000007,19.18,0.0482,CTIO_KMTC19,KMT(I),KMT
57839.239049999975,19.2056,0.0639,CTIO_KMTC19,KMT(I),KMT
57839.29039000021,19.2497,0.0655,CTIO_KMTC19,KMT(I),KMT
57839.327169999946,19.199,0.0439,CTIO_KMTC19,KMT(I),KMT
57839.37348000007,19.3716,0.052,CTIO_KMTC19,KMT(I),KMT
57839.415419999976,19.2465,0.0764,CTIO_KMTC19,KMT(I),KMT
57840.23716000002,19.1955,0.0879,CTIO_KMTC19,KMT(I),KMT
57840.27456999989,19.1639,0.0667,CTIO_KMTC19,KMT(I),KMT
57840.327839999925,19.2058,0.0577,CTIO_KMTC19,KMT(I),KMT
57840.369510000106,19.3115,0.0445,CTIO_KMTC19,KMT(I),KMT
57840.413869999815,19.2318,0.0487,CTIO_KMTC19,KMT(I),KMT
57841.233510000166,18.9737,0.1,CTIO_KMTC19,KMT(I),KMT
57841.240410000086,18.8475,0.071,CTIO_KMTC19,KMT(I),KMT
57841.24191999994,19.1721,0.097,CTIO_KMTC19,KMT(I),KMT
57841.243530000094,18.8924,0.0721,CTIO_KMTC19,KMT(I),KMT
57841.300789999776,18.941,0.0675,CTIO_KMTC19,KMT(I),KMT
57841.344940000214,19.1099,0.0699,CTIO_KMTC19,KMT(I),KMT
57841.4086000002,19.1851,0.0699,CTIO_KMTC19,KMT(I),KMT
57842.234379999805,18.9748,0.0778,CTIO_KMTC19,KMT(I),KMT
57842.27326999977,19.0294,0.0597,CTIO_KMTC19,KMT(I),KMT
57842.31395999994,19.1037,0.0777,CTIO_KMTC19,KMT(I),KMT
57842.36317999987,19.0753,0.0738,CTIO_KMTC19,KMT(I),KMT
57843.23705000011,19.1858,0.0815,CTIO_KMTC19,KMT(I),KMT
57843.24285000004,19.012,0.058,CTIO_KMTC19,KMT(I),KMT
57843.28531000018,19.0678,0.0509,CTIO_KMTC19,KMT(I),KMT
57843.33236999996,19.2618,0.0556,CTIO_KMTC19,KMT(I),KMT
57843.37346999999,19.1542,0.0887,CTIO_KMTC19,KMT(I),KMT
57844.23144999985,19.0664,0.089,CTIO_KMTC19,KMT(I),KMT
57844.26042999979,18.9477,0.0574,CTIO_KMTC19,KMT(I),KMT
57844.30429999996,18.9453,0.0775,CTIO_KMTC19,KMT(I),KMT
57844.341250000056,19.0332,0.0708,CTIO_KMTC19,KMT(I),KMT
57844.38987000007,19.1014,0.0705,CTIO_KMTC19,KMT(I),KMT
57845.22522999998,18.9107,0.0728,CTIO_KMTC19,KMT(I),KMT
57845.23117000004,18.9227,0.0751,CTIO_KMTC19,KMT(I),KMT
57845.274749999866,18.994,0.0792,CTIO_KMTC19,KMT(I),KMT
57845.32135999994,19.1782,0.061,CTIO_KMTC19,KMT(I),KMT
57845.363570000045,19.1956,0.0537,CTIO_KMTC19,KMT(I),KMT
57846.22543000011,19.009,0.0714,CTIO_KMTC19,KMT(I),KMT
57846.239810000174,19.0778,0.0737,CTIO_KMTC19,KMT(I),KMT
57846.288730000146,19.1617,0.0822,CTIO_KMTC19,KMT(I),KMT
57846.309179999866,19.0476,0.0718,CTIO_KMTC19,KMT(I),KMT
57846.34661999997,18.9806,0.0671,CTIO_KMTC19,KMT(I),KMT
57846.393190000206,19.1054,0.0797,CTIO_KMTC19,KMT(I),KMT
57847.21993000014,19.3004,0.176,CTIO_KMTC19,KMT(I),KMT
57847.279360000044,19.1727,0.0816,CTIO_KMTC19,KMT(I),KMT
57847.32444000011,18.8749,0.0694,CTIO_KMTC19,KMT(I),KMT
57847.371040000115,19.2188,0.0636,CTIO_KMTC19,KMT(I),KMT
57848.2207200001,19.1773,0.0837,CTIO_KMTC19,KMT(I),KMT
57848.26439000014,19.0875,0.0513,CTIO_KMTC19,KMT(I),KMT
57848.311970000155,19.0732,0.0407,CTIO_KMTC19,KMT(I),KMT
57848.361440000124,19.374,0.0646,CTIO_KMTC19,KMT(I),KMT
57848.396370000206,19.1086,0.0555,CTIO_KMTC19,KMT(I),KMT
57849.21108999988,18.9631,0.1132,CTIO_KMTC19,KMT(I),KMT
57849.27761999983,19.2022,0.0651,CTIO_KMTC19,KMT(I),KMT
57849.318429999985,19.1885,0.0601,CTIO_KMTC19,KMT(I),KMT
57849.38191,19.1926,0.0519,CTIO_KMTC19,KMT(I),KMT
57850.209929999895,18.947,0.0789,CTIO_KMTC19,KMT(I),KMT
57850.22577999998,18.9867,0.0983,CTIO_KMTC19,KMT(I),KMT
57850.26379000023,19.1448,0.0653,CTIO_KMTC19,KMT(I),KMT
57850.313279999886,19.0846,0.0528,CTIO_KMTC19,KMT(I),KMT
57850.35058999993,19.117,0.0668,CTIO_KMTC19,KMT(I),KMT
57850.39341000002,19.0966,0.057,CTIO_KMTC19,KMT(I),KMT
57851.204870000016,19.2256,0.1368,CTIO_KMTC19,KMT(I),KMT
57851.26072000014,19.1698,0.0816,CTIO_KMTC19,KMT(I),KMT
57851.302319999784,19.3308,0.0969,CTIO_KMTC19,KMT(I),KMT
57851.36114999978,18.9306,0.0678,CTIO_KMTC19,KMT(I),KMT
57851.40314000007,19.0448,0.0785,CTIO_KMTC19,KMT(I),KMT
57851.41521999985,19.0781,0.0712,CTIO_KMTC19,KMT(I),KMT
57852.204719999805,18.8979,0.1121,CTIO_KMTC19,KMT(I),KMT
57852.21246000007,18.9136,0.1098,CTIO_KMTC19,KMT(I),KMT
57852.25503000012,18.9641,0.1054,CTIO_KMTC19,KMT(I),KMT
57852.31126999995,18.9806,0.087,CTIO_KMTC19,KMT(I),KMT
57852.35236999998,19.048,0.0894,CTIO_KMTC19,KMT(I),KMT
57852.40339000011,19.176,0.1293,CTIO_KMTC19,KMT(I),KMT
57853.21690999996,18.8187,0.1517,CTIO_KMTC19,KMT(I),KMT
57853.29551000008,18.6873,0.0618,CTIO_KMTC19,KMT(I),KMT
57853.35582999978,19.1585,0.109,CTIO_KMTC19,KMT(I),KMT
57853.40476999991,19.1845,0.0987,CTIO_KMTC19,KMT(I),KMT
57854.219029999804,18.9025,0.087,CTIO_KMTC19,KMT(I),KMT
57854.24852999998,18.8929,0.073,CTIO_KMTC19,KMT(I),KMT
57854.3270899998,19.2278,0.0581,CTIO_KMTC19,KMT(I),KMT
57854.37900000019,19.1303,0.0595,CTIO_KMTC19,KMT(I),KMT
57855.194600000046,18.8973,0.1196,CTIO_KMTC19,KMT(I),KMT
57855.20311000012,18.951,0.0793,CTIO_KMTC19,KMT(I),KMT
57855.243400000036,19.1318,0.0654,CTIO_KMTC19,KMT(I),KMT
57855.293539999984,19.1132,0.0747,CTIO_KMTC19,KMT(I),KMT
57855.34953999985,19.0886,0.049,CTIO_KMTC19,KMT(I),KMT
57855.39515999984,19.2462,0.0643,CTIO_KMTC19,KMT(I),KMT
57856.19554999983,18.9537,0.1299,CTIO_KMTC19,KMT(I),KMT
57856.20222999994,18.3359,0.0698,CTIO_KMTC19,KMT(I),KMT
57856.23890999984,18.8875,0.084,CTIO_KMTC19,KMT(I),KMT
57856.28569999989,18.8347,0.0802,CTIO_KMTC19,KMT(I),KMT
57856.32236000011,19.0594,0.0745,CTIO_KMTC19,KMT(I),KMT
57856.35876000021,19.1149,0.0646,CTIO_KMTC19,KMT(I),KMT
57856.40850999998,19.2459,0.0671,CTIO_KMTC19,KMT(I),KMT
57858.18795000017,19.6624,1.7312,CTIO_KMTC19,KMT(I),KMT
57858.21649000002,19.5526,0.2155,CTIO_KMTC19,KMT(I),KMT
57858.26249000011,19.0304,0.1173,CTIO_KMTC19,KMT(I),KMT
57858.297030000016,19.0973,0.1594,CTIO_KMTC19,KMT(I),KMT
57858.33360000001,18.8488,0.1016,CTIO_KMTC19,KMT(I),KMT
57858.37994999997,18.7139,0.0768,CTIO_KMTC19,KMT(I),KMT
57862.17658999981,18.7494,0.0552,CTIO_KMTC19,KMT(I),KMT
57862.18636000017,18.7843,0.0501,CTIO_KMTC19,KMT(I),KMT
57862.18772999989,18.7537,0.0445,CTIO_KMTC19,KMT(I),KMT
57862.23528000014,18.8295,0.0574,CTIO_KMTC19,KMT(I),KMT
57862.2766499999,18.6992,0.0576,CTIO_KMTC19,KMT(I),KMT
57862.35877999989,18.9107,0.6422,CTIO_KMTC19,KMT(I),KMT
57862.39479999989,18.4814,0.1263,CTIO_KMTC19,KMT(I),KMT
57862.428869999945,18.9386,0.0543,CTIO_KMTC19,KMT(I),KMT
57863.17535000015,18.6931,0.054,CTIO_KMTC19,KMT(I),KMT
57863.23936000001,18.869,0.0337,CTIO_KMTC19,KMT(I),KMT
57863.27731999988,18.7927,0.0612,CTIO_KMTC19,KMT(I),KMT
57863.32468000008,18.8071,0.0527,CTIO_KMTC19,KMT(I),KMT
57863.371420000214,18.8412,0.0389,CTIO_KMTC19,KMT(I),KMT
57863.3917299998,19.3734,0.8443,CTIO_KMTC19,KMT(I),KMT
57864.17026000004,18.7091,0.033,CTIO_KMTC19,KMT(I),KMT
57864.18936000019,18.5388,0.0453,CTIO_KMTC19,KMT(I),KMT
57864.24196999986,18.7276,0.031,CTIO_KMTC19,KMT(I),KMT
57864.3499400001,18.6769,0.027,CTIO_KMTC19,KMT(I),KMT
57864.4027900002,18.6916,0.0307,CTIO_KMTC19,KMT(I),KMT
57864.40424000006,18.67,0.0286,CTIO_KMTC19,KMT(I),KMT
57865.16852999991,18.4877,0.0522,CTIO_KMTC19,KMT(I),KMT
57865.18858999992,18.5475,0.0401,CTIO_KMTC19,KMT(I),KMT
57865.23902999982,18.5257,0.0261,CTIO_KMTC19,KMT(I),KMT
57865.309119999874,18.6536,0.0258,CTIO_KMTC19,KMT(I),KMT
57865.35125999991,18.533,0.0251,CTIO_KMTC19,KMT(I),KMT
57865.365029999986,18.5678,0.0408,CTIO_KMTC19,KMT(I),KMT
57865.42096999986,18.5569,0.03,CTIO_KMTC19,KMT(I),KMT
57866.16781000001,18.3035,0.0311,CTIO_KMTC19,KMT(I),KMT
57866.174540000036,18.2965,0.032,CTIO_KMTC19,KMT(I),KMT
57866.17695999984,18.3111,0.0385,CTIO_KMTC19,KMT(I),KMT
57866.17976999981,18.4575,0.0398,CTIO_KMTC19,KMT(I),KMT
57866.22754999995,18.404,0.0263,CTIO_KMTC19,KMT(I),KMT
57866.25199999986,18.3772,0.0284,CTIO_KMTC19,KMT(I),KMT
57866.30335999979,18.3477,0.0329,CTIO_KMTC19,KMT(I),KMT
57866.362650000025,18.3216,0.0275,CTIO_KMTC19,KMT(I),KMT
57866.38241000008,18.3503,0.0229,CTIO_KMTC19,KMT(I),KMT
57866.42030999996,18.3249,0.0249,CTIO_KMTC19,KMT(I),KMT
57867.16417999985,18.023,0.0306,CTIO_KMTC19,KMT(I),KMT
57867.228430000134,18.1172,0.0261,CTIO_KMTC19,KMT(I),KMT
57867.29979000008,18.0849,0.0197,CTIO_KMTC19,KMT(I),KMT
57867.34208999993,18.0659,0.0178,CTIO_KMTC19,KMT(I),KMT
57867.39900999982,18.0542,0.0173,CTIO_KMTC19,KMT(I),KMT
57868.27451999998,17.5392,0.0222,CTIO_KMTC19,KMT(I),KMT
57868.37614999991,17.4176,0.0193,CTIO_KMTC19,KMT(I),KMT
57868.41937999986,17.4076,0.0195,CTIO_KMTC19,KMT(I),KMT
57869.16149999993,16.5559,0.0084,CTIO_KMTC19,KMT(I),KMT
57869.20801000018,16.5154,0.0081,CTIO_KMTC19,KMT(I),KMT
57869.27881000005,16.3379,0.0068,CTIO_KMTC19,KMT(I),KMT
57869.325170000084,16.2139,0.0093,CTIO_KMTC19,KMT(I),KMT
57869.3716500001,16.0731,0.0223,CTIO_KMTC19,KMT(I),KMT
57869.4241200001,15.9277,0.007,CTIO_KMTC19,KMT(I),KMT
57870.15587999998,16.7391,0.0101,CTIO_KMTC19,KMT(I),KMT
57870.191930000205,16.7986,0.0084,CTIO_KMTC19,KMT(I),KMT
57870.235109999776,16.8645,0.0089,CTIO_KMTC19,KMT(I),KMT
57870.274019999895,16.9243,0.0164,CTIO_KMTC19,KMT(I),KMT
57870.31039999984,16.9729,0.0142,CTIO_KMTC19,KMT(I),KMT
57870.364049999975,17.0496,0.0163,CTIO_KMTC19,KMT(I),KMT
57870.40473000007,17.1176,0.0217,CTIO_KMTC19,KMT(I),KMT
57871.15440999996,17.7057,0.0199,CTIO_KMTC19,KMT(I),KMT
57871.16048000008,17.6998,0.0173,CTIO_KMTC19,KMT(I),KMT
57871.2080000001,17.7668,0.0173,CTIO_KMTC19,KMT(I),KMT
57871.244010000024,17.7685,0.0179,CTIO_KMTC19,KMT(I),KMT
57871.29230999993,17.7984,0.0157,CTIO_KMTC19,KMT(I),KMT
57871.32763000019,17.8181,0.0205,CTIO_KMTC19,KMT(I),KMT
57871.36566000013,17.8438,0.0362,CTIO_KMTC19,KMT(I),KMT
57871.41619999986,17.8438,0.0176,CTIO_KMTC19,KMT(I),KMT
57872.15157000022,18.1536,0.033,CTIO_KMTC19,KMT(I),KMT
57872.16849000007,18.1749,0.0247,CTIO_KMTC19,KMT(I),KMT
57872.21074000001,18.1994,0.0245,CTIO_KMTC19,KMT(I),KMT
57872.25019000005,18.2075,0.021,CTIO_KMTC19,KMT(I),KMT
57872.28837999981,18.2033,0.0214,CTIO_KMTC19,KMT(I),KMT
57872.33825000003,18.1415,0.0227,CTIO_KMTC19,KMT(I),KMT
57872.377170000225,18.204,0.0201,CTIO_KMTC19,KMT(I),KMT
57872.41648000013,18.2192,0.0212,CTIO_KMTC19,KMT(I),KMT
57873.14858999988,18.411,0.0438,CTIO_KMTC19,KMT(I),KMT
57873.2032300001,18.4684,0.0351,CTIO_KMTC19,KMT(I),KMT
57873.23932999978,18.3784,0.0322,CTIO_KMTC19,KMT(I),KMT
57873.283179999795,18.3407,0.0338,CTIO_KMTC19,KMT(I),KMT
57873.3239099998,18.3713,0.0424,CTIO_KMTC19,KMT(I),KMT
57873.36006999994,18.4376,0.0285,CTIO_KMTC19,KMT(I),KMT
57873.41009999998,18.5155,0.0388,CTIO_KMTC19,KMT(I),KMT
57874.14934,18.5077,0.0447,CTIO_KMTC19,KMT(I),KMT
57874.164940000046,18.5904,0.0453,CTIO_KMTC19,KMT(I),KMT
57874.199659999926,18.6407,0.047,CTIO_KMTC19,KMT(I),KMT
57874.24679999985,18.4875,0.0428,CTIO_KMTC19,KMT(I),KMT
57874.28341000015,18.554,0.0431,CTIO_KMTC19,KMT(I),KMT
57874.32495999988,18.5039,0.0454,CTIO_KMTC19,KMT(I),KMT
57874.33032999979,18.4235,0.0456,CTIO_KMTC19,KMT(I),KMT
57874.36919,18.546,0.0559,CTIO_KMTC19,KMT(I),KMT
57874.40393000003,18.4946,0.0353,CTIO_KMTC19,KMT(I),KMT
57875.14910000004,18.5737,0.0719,CTIO_KMTC19,KMT(I),KMT
57875.16349000018,18.6181,0.1245,CTIO_KMTC19,KMT(I),KMT
57875.19817000022,18.456,0.0758,CTIO_KMTC19,KMT(I),KMT
57875.23527000006,18.7172,0.2792,CTIO_KMTC19,KMT(I),KMT
57875.287270000204,18.8989,0.2313,CTIO_KMTC19,KMT(I),KMT
57875.3774199998,19.1257,1.0076,CTIO_KMTC19,KMT(I),KMT
57876.1442900002,18.6883,0.0486,CTIO_KMTC19,KMT(I),KMT
57876.1506500002,18.6871,0.0511,CTIO_KMTC19,KMT(I),KMT
57876.186919999775,18.6663,0.0399,CTIO_KMTC19,KMT(I),KMT
57876.237019999884,18.8413,0.0406,CTIO_KMTC19,KMT(I),KMT
57876.272750000004,18.8008,0.0509,CTIO_KMTC19,KMT(I),KMT
57876.31600000011,18.7771,0.0326,CTIO_KMTC19,KMT(I),KMT
57876.35652999999,18.8865,0.0504,CTIO_KMTC19,KMT(I),KMT
57876.393480000086,18.9187,0.0376,CTIO_KMTC19,KMT(I),KMT
57877.167299999855,18.7474,0.0564,CTIO_KMTC19,KMT(I),KMT
57877.219750000164,18.8975,0.048,CTIO_KMTC19,KMT(I),KMT
57877.275419999845,18.9095,0.0436,CTIO_KMTC19,KMT(I),KMT
57877.31393000018,18.9477,0.0544,CTIO_KMTC19,KMT(I),KMT
57877.370500000194,18.9959,0.0578,CTIO_KMTC19,KMT(I),KMT
57877.41893000016,18.9951,0.0475,CTIO_KMTC19,KMT(I),KMT
57878.13486000011,18.7128,0.0904,CTIO_KMTC19,KMT(I),KMT
57878.143670000136,18.9733,0.087,CTIO_KMTC19,KMT(I),KMT
57878.18616000004,18.8741,0.0674,CTIO_KMTC19,KMT(I),KMT
57878.23595000012,18.7125,0.0682,CTIO_KMTC19,KMT(I),KMT
57878.27410000004,18.897,0.0505,CTIO_KMTC19,KMT(I),KMT
57878.31314999983,18.7659,0.05,CTIO_KMTC19,KMT(I),KMT
57878.364529999904,18.8404,0.058,CTIO_KMTC19,KMT(I),KMT
57878.402449999936,18.9896,0.058,CTIO_KMTC19,KMT(I),KMT
57878.42116999999,18.7499,0.0699,CTIO_KMTC19,KMT(I),KMT
57879.13055999996,18.7976,0.0747,CTIO_KMTC19,KMT(I),KMT
57879.172259999905,18.8519,0.0598,CTIO_KMTC19,KMT(I),KMT
57879.212379999924,18.9272,0.0691,CTIO_KMTC19,KMT(I),KMT
57879.250279999804,18.7999,0.0691,CTIO_KMTC19,KMT(I),KMT
57879.3037200002,18.8356,0.0544,CTIO_KMTC19,KMT(I),KMT
57879.423599999864,18.8478,0.0605,CTIO_KMTC19,KMT(I),KMT
57880.128709999844,19.0038,0.115,CTIO_KMTC19,KMT(I),KMT
57880.167299999855,19.2906,0.1813,CTIO_KMTC19,KMT(I),KMT
57880.20681999996,18.8097,0.0624,CTIO_KMTC19,KMT(I),KMT
57880.26526999986,18.8288,0.079,CTIO_KMTC19,KMT(I),KMT
57882.123900000006,19.1978,0.1237,CTIO_KMTC19,KMT(I),KMT
57882.15310000023,18.7948,0.0679,CTIO_KMTC19,KMT(I),KMT
57882.19945000019,18.9024,0.1257,CTIO_KMTC19,KMT(I),KMT
57882.26698999992,19.2164,0.3797,CTIO_KMTC19,KMT(I),KMT
57882.31272999989,18.9045,0.0687,CTIO_KMTC19,KMT(I),KMT
57882.36200999981,19.0063,0.059,CTIO_KMTC19,KMT(I),KMT
57882.40977999987,19.0589,0.063,CTIO_KMTC19,KMT(I),KMT
57883.120370000135,19.1085,0.1428,CTIO_KMTC19,KMT(I),KMT
57883.14133000001,18.8512,0.0884,CTIO_KMTC19,KMT(I),KMT
57883.1940700002,18.9883,0.1109,CTIO_KMTC19,KMT(I),KMT
57883.23651000019,18.928,0.0934,CTIO_KMTC19,KMT(I),KMT
57883.27774999989,18.9884,0.1089,CTIO_KMTC19,KMT(I),KMT
57883.33393999981,19.3729,0.1813,CTIO_KMTC19,KMT(I),KMT
57883.353870000225,19.1434,0.1108,CTIO_KMTC19,KMT(I),KMT
57887.11181000015,19.072,0.5384,CTIO_KMTC19,KMT(I),KMT
57887.26319999993,17.8371,0.1593,CTIO_KMTC19,KMT(I),KMT
57887.302569999825,19.5257,0.5915,CTIO_KMTC19,KMT(I),KMT
57887.33790999977,18.6679,0.1994,CTIO_KMTC19,KMT(I),KMT
57887.38402000023,18.9224,0.3365,CTIO_KMTC19,KMT(I),KMT
57887.404939999804,19.2921,0.3714,CTIO_KMTC19,KMT(I),KMT
57887.44058000017,18.6141,0.3144,CTIO_KMTC19,KMT(I),KMT
57888.112710000016,19.8846,0.3563,CTIO_KMTC19,KMT(I),KMT
57888.11871000007,18.7815,0.0988,CTIO_KMTC19,KMT(I),KMT
57888.15538999997,18.7615,0.1062,CTIO_KMTC19,KMT(I),KMT
57888.20345999999,19.3139,0.1328,CTIO_KMTC19,KMT(I),KMT
57888.238479999825,19.1014,0.1112,CTIO_KMTC19,KMT(I),KMT
57888.28855999978,19.2029,0.0979,CTIO_KMTC19,KMT(I),KMT
57888.32608000003,18.9246,0.0782,CTIO_KMTC19,KMT(I),KMT
57888.34304000018,19.2485,0.0808,CTIO_KMTC19,KMT(I),KMT
57888.378190000076,19.2693,0.121,CTIO_KMTC19,KMT(I),KMT
57888.42535000015,19.188,0.0959,CTIO_KMTC19,KMT(I),KMT
57889.10707999999,18.6868,0.0889,CTIO_KMTC19,KMT(I),KMT
57889.12990000006,19.2827,0.1803,CTIO_KMTC19,KMT(I),KMT
57889.17652999982,19.1903,0.0982,CTIO_KMTC19,KMT(I),KMT
57889.214410000015,19.3226,0.0716,CTIO_KMTC19,KMT(I),KMT
57889.249700000044,19.1231,0.0501,CTIO_KMTC19,KMT(I),KMT
57889.29501,19.0251,0.1483,CTIO_KMTC19,KMT(I),KMT
57889.3307500002,19.1709,0.0706,CTIO_KMTC19,KMT(I),KMT
57889.37097000005,19.1086,0.098,CTIO_KMTC19,KMT(I),KMT
57889.41828999994,19.1864,0.1107,CTIO_KMTC19,KMT(I),KMT
57890.11687000003,18.9818,0.078,CTIO_KMTC19,KMT(I),KMT
57890.135089999996,19.2302,0.1081,CTIO_KMTC19,KMT(I),KMT
57890.177600000054,19.2565,0.0631,CTIO_KMTC19,KMT(I),KMT
57890.217399999965,19.0846,0.0577,CTIO_KMTC19,KMT(I),KMT
57890.2574,19.2741,0.063,CTIO_KMTC19,KMT(I),KMT
57890.258919999935,19.0658,0.0683,CTIO_KMTC19,KMT(I),KMT
57890.30880000023,19.16,0.0793,CTIO_KMTC19,KMT(I),KMT
57890.345449999906,19.1818,0.0754,CTIO_KMTC19,KMT(I),KMT
57890.38012999995,19.1539,0.0706,CTIO_KMTC19,KMT(I),KMT
57890.43159000017,19.0508,0.1097,CTIO_KMTC19,KMT(I),KMT
57893.0939199999,19.1694,0.1289,CTIO_KMTC19,KMT(I),KMT
57893.1203999999,18.7986,0.0701,CTIO_KMTC19,KMT(I),KMT
57893.17481000023,18.9407,0.0637,CTIO_KMTC19,KMT(I),KMT
57893.21292999992,19.1331,0.0554,CTIO_KMTC19,KMT(I),KMT
57893.25492000021,19.11,0.0663,CTIO_KMTC19,KMT(I),KMT
57893.34337999998,19.0763,0.0845,CTIO_KMTC19,KMT(I),KMT
57893.38713999977,19.1191,0.0604,CTIO_KMTC19,KMT(I),KMT
57893.42947999993,19.009,0.0863,CTIO_KMTC19,KMT(I),KMT
57894.0928199999,19.3224,0.1109,CTIO_KMTC19,KMT(I),KMT
57894.14350999985,19.1572,0.0746,CTIO_KMTC19,KMT(I),KMT
57894.18610000005,19.2717,0.0488,CTIO_KMTC19,KMT(I),KMT
57894.22518000007,19.1383,0.0611,CTIO_KMTC19,KMT(I),KMT
57894.29724000022,19.2315,0.0551,CTIO_KMTC19,KMT(I),KMT
57894.34089000011,19.2141,0.0591,CTIO_KMTC19,KMT(I),KMT
57894.3853699998,19.2252,0.0789,CTIO_KMTC19,KMT(I),KMT
57895.08852000022,18.8153,0.1073,CTIO_KMTC19,KMT(I),KMT
57895.11683000019,18.9792,0.0774,CTIO_KMTC19,KMT(I),KMT
57895.138179999776,18.9497,0.0965,CTIO_KMTC19,KMT(I),KMT
57895.18975999998,18.9836,0.0877,CTIO_KMTC19,KMT(I),KMT
57895.229129999876,19.2364,0.1441,CTIO_KMTC19,KMT(I),KMT
57895.26948999986,19.1342,0.0926,CTIO_KMTC19,KMT(I),KMT
57895.32474000007,19.0681,0.3133,CTIO_KMTC19,KMT(I),KMT
57895.36298999982,18.7459,0.1447,CTIO_KMTC19,KMT(I),KMT
57895.38212999981,19.0104,0.0854,CTIO_KMTC19,KMT(I),KMT
57896.10755999992,19.4357,0.6214,CTIO_KMTC19,KMT(I),KMT
57896.172030000016,19.0659,0.0809,CTIO_KMTC19,KMT(I),KMT
57896.22160999989,19.1785,0.3463,CTIO_KMTC19,KMT(I),KMT
57896.2646900001,19.1304,0.225,CTIO_KMTC19,KMT(I),KMT
57901.07264999999,19.3115,0.2507,CTIO_KMTC19,KMT(I),KMT
57901.087669999804,18.8777,0.1103,CTIO_KMTC19,KMT(I),KMT
57901.12254999997,18.9219,0.0726,CTIO_KMTC19,KMT(I),KMT
57901.158960000146,19.0744,0.0588,CTIO_KMTC19,KMT(I),KMT
57901.207169999834,18.9859,0.0624,CTIO_KMTC19,KMT(I),KMT
57901.246139999945,19.002,0.079,CTIO_KMTC19,KMT(I),KMT
57901.2958399998,18.9846,0.0816,CTIO_KMTC19,KMT(I),KMT
57901.33172000013,19.0039,0.0905,CTIO_KMTC19,KMT(I),KMT
57902.0744599998,18.7814,0.1268,CTIO_KMTC19,KMT(I),KMT
57902.109319999814,19.2717,0.1176,CTIO_KMTC19,KMT(I),KMT
57902.15036999993,19.2464,0.1061,CTIO_KMTC19,KMT(I),KMT
57902.1972500002,18.8214,0.06,CTIO_KMTC19,KMT(I),KMT
57902.23670999985,19.1091,0.0718,CTIO_KMTC19,KMT(I),KMT
57902.279800000135,19.5431,0.9147,CTIO_KMTC19,KMT(I),KMT
57903.068140000105,18.9464,0.149,CTIO_KMTC19,KMT(I),KMT
57903.10287000006,19.0568,0.087,CTIO_KMTC19,KMT(I),KMT
57903.143480000086,19.044,0.0818,CTIO_KMTC19,KMT(I),KMT
57903.180110000074,19.1339,0.0737,CTIO_KMTC19,KMT(I),KMT
57903.23956000013,19.2531,1.7923,CTIO_KMTC19,KMT(I),KMT
57903.28103000019,18.5617,0.1438,CTIO_KMTC19,KMT(I),KMT
57903.32327000005,18.96,0.0783,CTIO_KMTC19,KMT(I),KMT
57903.363030000124,19.0061,0.0648,CTIO_KMTC19,KMT(I),KMT
57903.40115999989,19.2271,0.0598,CTIO_KMTC19,KMT(I),KMT
57904.071570000146,18.9652,0.1205,CTIO_KMTC19,KMT(I),KMT
57904.08687999984,19.1868,0.0636,CTIO_KMTC19,KMT(I),KMT
57904.12268000003,19.1709,0.0732,CTIO_KMTC19,KMT(I),KMT
57904.159539999906,19.3474,0.0748,CTIO_KMTC19,KMT(I),KMT
57904.21152999997,19.3684,0.043,CTIO_KMTC19,KMT(I),KMT
57904.24764000019,19.3749,0.0639,CTIO_KMTC19,KMT(I),KMT
57904.2999499999,19.2184,0.0567,CTIO_KMTC19,KMT(I),KMT
57904.33516999986,19.1466,0.0686,CTIO_KMTC19,KMT(I),KMT
57904.37074000016,18.9523,0.0655,CTIO_KMTC19,KMT(I),KMT
57904.420189999975,18.8916,0.0905,CTIO_KMTC19,KMT(I),KMT
57905.06123000011,18.9854,0.1016,CTIO_KMTC19,KMT(I),KMT
57905.07712000003,19.0507,0.0813,CTIO_KMTC19,KMT(I),KMT
57905.094149999786,18.9728,0.067,CTIO_KMTC19,KMT(I),KMT
57905.140370000154,19.281,0.0828,CTIO_KMTC19,KMT(I),KMT
57905.175820000004,19.1504,0.0819,CTIO_KMTC19,KMT(I),KMT
57905.2180900001,19.1428,0.0775,CTIO_KMTC19,KMT(I),KMT
57905.27510999981,19.1511,0.0733,CTIO_KMTC19,KMT(I),KMT
57905.31625000015,18.9562,0.0699,CTIO_KMTC19,KMT(I),KMT
57905.377179999836,19.0914,0.0802,CTIO_KMTC19,KMT(I),KMT
57906.06007000012,18.6975,0.0832,CTIO_KMTC19,KMT(I),KMT
57906.067220000084,19.2892,0.1166,CTIO_KMTC19,KMT(I),KMT
57906.109850000124,18.9042,0.0656,CTIO_KMTC19,KMT(I),KMT
57906.16240999987,19.1932,0.0531,CTIO_KMTC19,KMT(I),KMT
57906.20819000015,19.2247,0.0555,CTIO_KMTC19,KMT(I),KMT
57906.26795999985,19.2983,0.0579,CTIO_KMTC19,KMT(I),KMT
57906.3212799998,19.2087,0.0555,CTIO_KMTC19,KMT(I),KMT
57906.35920999991,19.0453,0.0684,CTIO_KMTC19,KMT(I),KMT
57906.407409999985,19.1557,0.0807,CTIO_KMTC19,KMT(I),KMT
57907.057810000144,18.9351,0.159,CTIO_KMTC19,KMT(I),KMT
57907.07390000019,18.8545,0.1828,CTIO_KMTC19,KMT(I),KMT
57907.114680000115,19.2427,0.1174,CTIO_KMTC19,KMT(I),KMT
57907.16259999992,19.2109,0.0706,CTIO_KMTC19,KMT(I),KMT
57907.20643999986,19.3089,0.0638,CTIO_KMTC19,KMT(I),KMT
57907.24503999995,19.33,0.0499,CTIO_KMTC19,KMT(I),KMT
57907.303330000024,19.2809,0.1148,CTIO_KMTC19,KMT(I),KMT
57907.34141999995,19.1358,0.0878,CTIO_KMTC19,KMT(I),KMT
57907.39253999991,19.4008,0.0731,CTIO_KMTC19,KMT(I),KMT
57908.13255000021,19.2062,0.0674,CTIO_KMTC19,KMT(I),KMT
57908.18822999997,19.3851,0.0592,CTIO_KMTC19,KMT(I),KMT
57908.24057999998,19.215,0.0717,CTIO_KMTC19,KMT(I),KMT
57908.27991000004,19.1964,0.0567,CTIO_KMTC19,KMT(I),KMT
57908.32053000014,19.2617,0.074,CTIO_KMTC19,KMT(I),KMT
57908.37531000003,19.2214,0.0711,CTIO_KMTC19,KMT(I),KMT
57908.41429000022,19.049,0.1022,CTIO_KMTC19,KMT(I),KMT
57910.057529999875,19.2185,0.0969,CTIO_KMTC19,KMT(I),KMT
57910.08591999998,19.2868,0.0753,CTIO_KMTC19,KMT(I),KMT
57910.133630000055,19.2422,0.0602,CTIO_KMTC19,KMT(I),KMT
57910.17424000008,19.3072,0.0639,CTIO_KMTC19,KMT(I),KMT
57910.226230000146,19.2008,0.0507,CTIO_KMTC19,KMT(I),KMT
57910.227570000105,19.1669,0.0497,CTIO_KMTC19,KMT(I),KMT
57910.267210000195,19.3717,0.0744,CTIO_KMTC19,KMT(I),KMT
57910.30671000015,19.1273,0.0863,CTIO_KMTC19,KMT(I),KMT
57910.35614999989,19.0825,0.0884,CTIO_KMTC19,KMT(I),KMT
57910.393860000186,19.2841,0.0622,CTIO_KMTC19,KMT(I),KMT
57911.11739999987,19.0881,0.0673,CTIO_KMTC19,KMT(I),KMT
57911.154260000214,19.2818,0.0799,CTIO_KMTC19,KMT(I),KMT
57911.205670000054,19.4371,0.0854,CTIO_KMTC19,KMT(I),KMT
57911.246619999874,19.3672,0.068,CTIO_KMTC19,KMT(I),KMT
57911.285399999935,19.3978,0.0875,CTIO_KMTC19,KMT(I),KMT
57911.339989999775,19.0877,0.0719,CTIO_KMTC19,KMT(I),KMT
57911.37932999991,19.3521,0.1246,CTIO_KMTC19,KMT(I),KMT
57913.05044999998,19.4992,0.2832,CTIO_KMTC19,KMT(I),KMT
57913.08770000003,19.4902,0.2736,CTIO_KMTC19,KMT(I),KMT
57913.12429000018,18.9937,0.1309,CTIO_KMTC19,KMT(I),KMT
57913.17455000011,19.3036,0.1677,CTIO_KMTC19,KMT(I),KMT
57913.21670999983,19.4613,0.2,CTIO_KMTC19,KMT(I),KMT
57913.25747000007,19.6343,0.2423,CTIO_KMTC19,KMT(I),KMT
57913.2625099998,19.1856,0.1551,CTIO_KMTC19,KMT(I),KMT
57913.30562999984,19.444,0.214,CTIO_KMTC19,KMT(I),KMT
57913.347740000114,18.8081,0.1478,CTIO_KMTC19,KMT(I),KMT
57913.40090999985,19.9095,0.4965,CTIO_KMTC19,KMT(I),KMT
57913.41442999989,19.5957,0.5981,CTIO_KMTC19,KMT(I),KMT
57914.0463899998,20.2505,1.7311,CTIO_KMTC19,KMT(I),KMT
57914.08208000008,18.899,0.2927,CTIO_KMTC19,KMT(I),KMT
57915.045570000075,19.6243,0.4917,CTIO_KMTC19,KMT(I),KMT
57915.0602500001,19.6667,0.2641,CTIO_KMTC19,KMT(I),KMT
57915.09553000005,19.2647,0.2219,CTIO_KMTC19,KMT(I),KMT
57915.1501000002,19.4313,0.22,CTIO_KMTC19,KMT(I),KMT
57915.185570000205,19.3393,0.1959,CTIO_KMTC19,KMT(I),KMT
57915.22888999991,19.1138,0.1429,CTIO_KMTC19,KMT(I),KMT
57915.26766999997,19.1991,0.1428,CTIO_KMTC19,KMT(I),KMT
57915.31811999995,19.4587,0.2326,CTIO_KMTC19,KMT(I),KMT
57915.36373999994,18.9183,0.1242,CTIO_KMTC19,KMT(I),KMT
57915.39989,18.9708,0.1521,CTIO_KMTC19,KMT(I),KMT
57916.07425000006,19.1849,0.1462,CTIO_KMTC19,KMT(I),KMT
57916.12362999981,19.0987,0.1015,CTIO_KMTC19,KMT(I),KMT
57916.16031000018,19.1084,0.0983,CTIO_KMTC19,KMT(I),KMT
57916.2072399999,19.1286,0.0828,CTIO_KMTC19,KMT(I),KMT
57916.24366000015,19.194,0.0593,CTIO_KMTC19,KMT(I),KMT
57916.27822000021,19.0726,0.0644,CTIO_KMTC19,KMT(I),KMT
57916.33108999999,19.2096,0.0774,CTIO_KMTC19,KMT(I),KMT
57916.332570000086,19.1368,0.0819,CTIO_KMTC19,KMT(I),KMT
57916.369739999995,19.1295,0.0839,CTIO_KMTC19,KMT(I),KMT
57916.41251999978,19.186,0.144,CTIO_KMTC19,KMT(I),KMT
57917.03986999998,19.1303,0.0929,CTIO_KMTC19,KMT(I),KMT
57917.05127000017,19.0904,0.0838,CTIO_KMTC19,KMT(I),KMT
57917.093160000164,19.2693,0.0893,CTIO_KMTC19,KMT(I),KMT
57917.127789999824,19.2152,0.0789,CTIO_KMTC19,KMT(I),KMT
57917.14489000011,19.0524,0.1127,CTIO_KMTC19,KMT(I),KMT
57917.1920599998,19.1908,0.0809,CTIO_KMTC19,KMT(I),KMT
57917.228649999946,19.1656,0.0678,CTIO_KMTC19,KMT(I),KMT
57917.26526999986,19.4791,0.0721,CTIO_KMTC19,KMT(I),KMT
57917.315099999774,19.0831,0.0856,CTIO_KMTC19,KMT(I),KMT
57917.35915999999,19.0605,0.0769,CTIO_KMTC19,KMT(I),KMT
57917.396449999884,19.1762,0.1266,CTIO_KMTC19,KMT(I),KMT
57918.03732000012,19.4564,0.1737,CTIO_KMTC19,KMT(I),KMT
57918.05848000012,18.8243,0.0654,CTIO_KMTC19,KMT(I),KMT
57918.096590000205,18.8934,0.0881,CTIO_KMTC19,KMT(I),KMT
57918.132269999944,19.1478,0.1078,CTIO_KMTC19,KMT(I),KMT
57918.181090000086,19.2246,0.0971,CTIO_KMTC19,KMT(I),KMT
57918.222839999944,19.1403,0.088,CTIO_KMTC19,KMT(I),KMT
57918.263179999776,19.0759,0.2869,CTIO_KMTC19,KMT(I),KMT
57918.326530000195,18.7726,0.2939,CTIO_KMTC19,KMT(I),KMT
57918.37522999989,17.7344,0.9672,CTIO_KMTC19,KMT(I),KMT
57919.08186999988,18.9975,0.3564,CTIO_KMTC19,KMT(I),KMT
57919.118819999974,18.1849,0.2458,CTIO_KMTC19,KMT(I),KMT
57919.15580999991,19.4188,2.137,CTIO_KMTC19,KMT(I),KMT
57923.03226999985,18.9852,0.0844,CTIO_KMTC19,KMT(I),KMT
57923.06749999989,19.2407,0.1067,CTIO_KMTC19,KMT(I),KMT
57923.11492000008,19.1845,0.0779,CTIO_KMTC19,KMT(I),KMT
57923.15831999993,19.3746,0.0788,CTIO_KMTC19,KMT(I),KMT
57923.195110000204,19.0735,0.0858,CTIO_KMTC19,KMT(I),KMT
57923.24815999996,19.2451,0.1141,CTIO_KMTC19,KMT(I),KMT
57924.013269999996,19.1244,0.0814,CTIO_KMTC19,KMT(I),KMT
57924.02015999984,19.2037,0.0958,CTIO_KMTC19,KMT(I),KMT
57924.022580000106,19.3251,0.086,CTIO_KMTC19,KMT(I),KMT
57924.06147000007,18.7568,0.2019,CTIO_KMTC19,KMT(I),KMT
57924.12185000023,19.2486,0.0566,CTIO_KMTC19,KMT(I),KMT
57924.16013000021,18.9413,0.0897,CTIO_KMTC19,KMT(I),KMT
57924.2078300002,19.3357,0.0705,CTIO_KMTC19,KMT(I),KMT
57924.248019999824,19.0412,0.0725,CTIO_KMTC19,KMT(I),KMT
57924.28745999979,19.2257,0.0717,CTIO_KMTC19,KMT(I),KMT
57924.34092999995,19.3717,0.0975,CTIO_KMTC19,KMT(I),KMT
57924.38113000011,19.1567,0.1033,CTIO_KMTC19,KMT(I),KMT
57925.045090000145,18.9311,0.0735,CTIO_KMTC19,KMT(I),KMT
57925.09836000018,18.9457,1.247,CTIO_KMTC19,KMT(I),KMT
57925.135799999814,18.9355,0.1527,CTIO_KMTC19,KMT(I),KMT
57925.230330000166,19.0606,0.2211,CTIO_KMTC19,KMT(I),KMT
57925.26716999989,19.13,0.1241,CTIO_KMTC19,KMT(I),KMT
57925.31914999988,19.1168,0.1896,CTIO_KMTC19,KMT(I),KMT
57927.265370000154,19.1027,0.0638,CTIO_KMTC19,KMT(I),KMT
57927.27928999998,19.0858,0.0786,CTIO_KMTC19,KMT(I),KMT
57928.99819000019,18.8519,0.2798,CTIO_KMTC19,KMT(I),KMT
57932.989879999775,18.9847,0.0932,CTIO_KMTC19,KMT(I),KMT
57933.04130000016,18.9648,0.0563,CTIO_KMTC19,KMT(I),KMT
57933.085270000156,19.0207,0.0667,CTIO_KMTC19,KMT(I),KMT
57933.14308999991,19.0164,0.0578,CTIO_KMTC19,KMT(I),KMT
57933.208569999784,19.0697,0.0726,CTIO_KMTC19,KMT(I),KMT
57933.252400000114,19.0709,0.0689,CTIO_KMTC19,KMT(I),KMT
57933.30664000008,19.1831,0.0688,CTIO_KMTC19,KMT(I),KMT
57933.32704999996,19.0612,0.0826,CTIO_KMTC19,KMT(I),KMT
57933.34526999993,19.0726,0.0744,CTIO_KMTC19,KMT(I),KMT
57933.9844800001,18.9236,0.0836,CTIO_KMTC19,KMT(I),KMT
57934.011909999885,19.0659,0.0868,CTIO_KMTC19,KMT(I),KMT
57934.064429999795,19.08,0.0602,CTIO_KMTC19,KMT(I),KMT
57934.109470000025,18.9508,0.0611,CTIO_KMTC19,KMT(I),KMT
57934.16876999987,19.3619,0.0737,CTIO_KMTC19,KMT(I),KMT
57934.22132000001,19.0639,0.0599,CTIO_KMTC19,KMT(I),KMT
57934.26226999983,19.1029,0.0619,CTIO_KMTC19,KMT(I),KMT
57934.30195000023,18.9664,0.0525,CTIO_KMTC19,KMT(I),KMT
57934.357400000095,19.0003,0.0865,CTIO_KMTC19,KMT(I),KMT
57934.98080000002,19.2506,0.078,CTIO_KMTC19,KMT(I),KMT
57935.01561000012,19.3448,0.0855,CTIO_KMTC19,KMT(I),KMT
57935.06290999986,19.2802,0.0587,CTIO_KMTC19,KMT(I),KMT
57935.10722000012,19.2783,0.0569,CTIO_KMTC19,KMT(I),KMT
57935.14893000014,19.2698,0.0527,CTIO_KMTC19,KMT(I),KMT
57935.2000099998,19.1585,0.0629,CTIO_KMTC19,KMT(I),KMT
57935.24028000003,19.311,0.0522,CTIO_KMTC19,KMT(I),KMT
57935.28378999978,19.194,0.0504,CTIO_KMTC19,KMT(I),KMT
57935.33319000015,18.9627,0.0685,CTIO_KMTC19,KMT(I),KMT
57935.98637000006,18.9765,0.0903,CTIO_KMTC19,KMT(I),KMT
57936.021279999986,19.2349,0.0605,CTIO_KMTC19,KMT(I),KMT
57936.076280000154,19.1987,0.0645,CTIO_KMTC19,KMT(I),KMT
57936.11756999977,19.2217,0.0689,CTIO_KMTC19,KMT(I),KMT
57936.1597099998,19.0878,0.0715,CTIO_KMTC19,KMT(I),KMT
57936.21072999993,19.297,0.052,CTIO_KMTC19,KMT(I),KMT
57936.248649999965,19.3507,0.0633,CTIO_KMTC19,KMT(I),KMT
57936.294519999996,19.0173,0.0601,CTIO_KMTC19,KMT(I),KMT
57936.33509000018,19.1572,0.0832,CTIO_KMTC19,KMT(I),KMT
57936.978870000225,18.9197,0.0949,CTIO_KMTC19,KMT(I),KMT
57937.001600000076,19.101,0.1155,CTIO_KMTC19,KMT(I),KMT
57937.05114000011,19.0866,0.0585,CTIO_KMTC19,KMT(I),KMT
57937.091099999845,19.1431,0.0636,CTIO_KMTC19,KMT(I),KMT
57937.13196999999,19.0488,0.0622,CTIO_KMTC19,KMT(I),KMT
57937.1982499999,19.3062,0.0708,CTIO_KMTC19,KMT(I),KMT
57937.23772000009,19.0005,0.0617,CTIO_KMTC19,KMT(I),KMT
57937.285939999856,19.3023,0.0829,CTIO_KMTC19,KMT(I),KMT
57937.32911999989,19.2039,0.0981,CTIO_KMTC19,KMT(I),KMT
57937.97857999988,18.8769,0.1444,CTIO_KMTC19,KMT(I),KMT
57937.9944699998,19.1733,0.0889,CTIO_KMTC19,KMT(I),KMT
57938.049000000115,19.1758,0.0799,CTIO_KMTC19,KMT(I),KMT
57938.08865999989,18.8333,0.0831,CTIO_KMTC19,KMT(I),KMT
57938.97915000003,16.2231,0.0381,CTIO_KMTC19,KMT(I),KMT
57939.04550000001,19.191,0.1368,CTIO_KMTC19,KMT(I),KMT
57939.09170000022,19.3578,0.1526,CTIO_KMTC19,KMT(I),KMT
57939.13592999987,18.9717,0.1116,CTIO_KMTC19,KMT(I),KMT
57939.19325000001,18.502,1.1285,CTIO_KMTC19,KMT(I),KMT
57941.13255000021,19.2834,0.5314,CTIO_KMTC19,KMT(I),KMT
57941.1877100002,18.993,0.508,CTIO_KMTC19,KMT(I),KMT
57941.98843999999,18.9506,0.2876,CTIO_KMTC19,KMT(I),KMT
57942.04804999987,18.9947,0.2146,CTIO_KMTC19,KMT(I),KMT
57942.08325000014,19.3481,0.2884,CTIO_KMTC19,KMT(I),KMT
57942.13065999979,19.821,0.5327,CTIO_KMTC19,KMT(I),KMT
57942.166759999935,19.0601,0.2221,CTIO_KMTC19,KMT(I),KMT
57942.211959999986,18.8399,0.2055,CTIO_KMTC19,KMT(I),KMT
57942.251099999994,18.385,0.1382,CTIO_KMTC19,KMT(I),KMT
57942.28637999995,19.8578,0.5235,CTIO_KMTC19,KMT(I),KMT
57942.31933999993,19.4949,0.4102,CTIO_KMTC19,KMT(I),KMT
57942.98724000016,18.6275,0.4173,CTIO_KMTC19,KMT(I),KMT
57943.07163000014,19.0595,0.1049,CTIO_KMTC19,KMT(I),KMT
57943.1071299999,19.2164,0.1559,CTIO_KMTC19,KMT(I),KMT
57943.14595999988,19.1593,0.1314,CTIO_KMTC19,KMT(I),KMT
57943.19403999997,18.9774,0.1609,CTIO_KMTC19,KMT(I),KMT
57943.228629999794,19.1947,0.1218,CTIO_KMTC19,KMT(I),KMT
57943.271370000206,19.0333,0.1211,CTIO_KMTC19,KMT(I),KMT
57943.310289999936,19.2181,0.1581,CTIO_KMTC19,KMT(I),KMT
57943.98716000002,19.1772,0.1065,CTIO_KMTC19,KMT(I),KMT
57944.0226400001,19.1145,0.0781,CTIO_KMTC19,KMT(I),KMT
57944.11281999992,19.3209,0.0825,CTIO_KMTC19,KMT(I),KMT
57944.15232999995,19.2408,0.0791,CTIO_KMTC19,KMT(I),KMT
57944.20317000011,19.1094,0.0729,CTIO_KMTC19,KMT(I),KMT
57944.239209999796,19.4042,0.0783,CTIO_KMTC19,KMT(I),KMT
57944.28912999993,19.0103,0.1008,CTIO_KMTC19,KMT(I),KMT
57944.31465000007,19.2863,0.1084,CTIO_KMTC19,KMT(I),KMT
57944.994930000044,19.1321,0.0768,CTIO_KMTC19,KMT(I),KMT
57945.03065000009,19.3195,0.0763,CTIO_KMTC19,KMT(I),KMT
57945.07769999979,19.3622,0.0816,CTIO_KMTC19,KMT(I),KMT
57945.11402999982,19.3381,0.0653,CTIO_KMTC19,KMT(I),KMT
57945.15994000016,19.2206,0.0657,CTIO_KMTC19,KMT(I),KMT
57945.20294000022,19.1187,0.0606,CTIO_KMTC19,KMT(I),KMT
57945.238630000036,19.0452,0.0679,CTIO_KMTC19,KMT(I),KMT
57945.28417999996,19.1641,0.0892,CTIO_KMTC19,KMT(I),KMT
57945.31552000018,19.2294,0.1013,CTIO_KMTC19,KMT(I),KMT
57945.9864500002,18.9581,0.0683,CTIO_KMTC19,KMT(I),KMT
57946.020490000024,19.2157,0.0668,CTIO_KMTC19,KMT(I),KMT
57946.07702999981,19.3283,0.0779,CTIO_KMTC19,KMT(I),KMT
57946.11553000007,19.2127,0.0799,CTIO_KMTC19,KMT(I),KMT
57946.16492999997,19.078,0.0847,CTIO_KMTC19,KMT(I),KMT
57946.20430999994,19.1429,0.0557,CTIO_KMTC19,KMT(I),KMT
57946.24360999977,19.1499,0.0646,CTIO_KMTC19,KMT(I),KMT
57946.988379999995,19.1874,0.1007,CTIO_KMTC19,KMT(I),KMT
57947.022140000015,18.8541,0.0943,CTIO_KMTC19,KMT(I),KMT
57947.0621199999,19.0933,0.0694,CTIO_KMTC19,KMT(I),KMT
57947.100540000014,19.0657,0.092,CTIO_KMTC19,KMT(I),KMT
57947.153599999845,18.636,0.3327,CTIO_KMTC19,KMT(I),KMT
57947.17353999987,18.9091,0.3452,CTIO_KMTC19,KMT(I),KMT
57947.269720000215,19.9024,0.3102,CTIO_KMTC19,KMT(I),KMT
57947.31163999997,19.2314,0.1151,CTIO_KMTC19,KMT(I),KMT
57947.978780000005,18.924,0.0669,CTIO_KMTC19,KMT(I),KMT
57948.01471999986,19.7966,0.2048,CTIO_KMTC19,KMT(I),KMT
57948.10554999998,19.0599,0.0641,CTIO_KMTC19,KMT(I),KMT
57948.14680999983,19.0448,0.0719,CTIO_KMTC19,KMT(I),KMT
57948.19884999981,19.1014,0.1283,CTIO_KMTC19,KMT(I),KMT
57948.238030000124,18.9579,0.1126,CTIO_KMTC19,KMT(I),KMT
57948.291189999785,19.0143,0.1507,CTIO_KMTC19,KMT(I),KMT
57948.98883999977,18.5389,0.1833,CTIO_KMTC19,KMT(I),KMT
57949.04227000009,18.732,0.087,CTIO_KMTC19,KMT(I),KMT
57949.093160000164,18.9762,0.1362,CTIO_KMTC19,KMT(I),KMT
57949.134200000204,19.0459,0.1019,CTIO_KMTC19,KMT(I),KMT
57949.26542000007,19.1235,0.0975,CTIO_KMTC19,KMT(I),KMT
57949.30611999985,19.3889,0.207,CTIO_KMTC19,KMT(I),KMT
57950.97978000017,18.991,0.0938,CTIO_KMTC19,KMT(I),KMT
57951.01643999992,19.005,0.0758,CTIO_KMTC19,KMT(I),KMT
57951.05757000018,19.2092,0.0969,CTIO_KMTC19,KMT(I),KMT
57951.098910000175,18.9894,0.0851,CTIO_KMTC19,KMT(I),KMT
57951.15638000006,19.3337,0.3531,CTIO_KMTC19,KMT(I),KMT
57951.194099999964,18.9274,0.0646,CTIO_KMTC19,KMT(I),KMT
57951.244220000226,19.3007,0.0877,CTIO_KMTC19,KMT(I),KMT
57951.28757999977,20.1579,0.3054,CTIO_KMTC19,KMT(I),KMT
57951.98337000003,19.1619,0.0509,CTIO_KMTC19,KMT(I),KMT
57952.00047999993,19.2315,0.0492,CTIO_KMTC19,KMT(I),KMT
57952.02002999978,19.3293,0.067,CTIO_KMTC19,KMT(I),KMT
57952.07303000009,19.3233,0.0568,CTIO_KMTC19,KMT(I),KMT
57952.11470999988,19.1436,0.0649,CTIO_KMTC19,KMT(I),KMT
57952.155150000006,19.2819,0.0467,CTIO_KMTC19,KMT(I),KMT
57952.16874000011,19.4574,0.0627,CTIO_KMTC19,KMT(I),KMT
57952.24191999994,19.2898,0.0496,CTIO_KMTC19,KMT(I),KMT
57952.280240000226,18.9646,0.0558,CTIO_KMTC19,KMT(I),KMT
57952.99375999998,19.3336,0.0649,CTIO_KMTC19,KMT(I),KMT
57953.022049999796,19.244,0.0608,CTIO_KMTC19,KMT(I),KMT
57953.068620000035,19.301,0.058,CTIO_KMTC19,KMT(I),KMT
57953.108229999896,18.9975,0.0717,CTIO_KMTC19,KMT(I),KMT
57953.16211999999,19.2781,0.0489,CTIO_KMTC19,KMT(I),KMT
57953.199789999984,19.1995,0.0644,CTIO_KMTC19,KMT(I),KMT
57953.247210000176,18.9868,0.0746,CTIO_KMTC19,KMT(I),KMT
57953.31046999991,19.1388,0.0927,CTIO_KMTC19,KMT(I),KMT
57953.988410000224,19.1613,0.1262,CTIO_KMTC19,KMT(I),KMT
57954.02628999995,19.2651,0.0966,CTIO_KMTC19,KMT(I),KMT
57954.08085000003,19.1275,0.0524,CTIO_KMTC19,KMT(I),KMT
57954.11806999985,19.0976,0.0868,CTIO_KMTC19,KMT(I),KMT
57954.165649999864,19.234,0.0573,CTIO_KMTC19,KMT(I),KMT
57954.2270800001,19.0663,0.1131,CTIO_KMTC19,KMT(I),KMT
57954.263360000215,19.5863,0.5766,CTIO_KMTC19,KMT(I),KMT
57954.29253999982,19.4692,0.4708,CTIO_KMTC19,KMT(I),KMT
57955.00037000002,19.2118,0.0712,CTIO_KMTC19,KMT(I),KMT
57955.03878000006,19.2206,0.0623,CTIO_KMTC19,KMT(I),KMT
57955.07525999984,19.067,0.0601,CTIO_KMTC19,KMT(I),KMT
57955.12546999985,19.2482,0.0704,CTIO_KMTC19,KMT(I),KMT
57955.16247999994,19.1174,0.0875,CTIO_KMTC19,KMT(I),KMT
57955.198299999814,19.2307,0.0547,CTIO_KMTC19,KMT(I),KMT
57955.247210000176,18.4528,0.1083,CTIO_KMTC19,KMT(I),KMT
57955.28340000007,19.0292,0.1039,CTIO_KMTC19,KMT(I),KMT
57955.985109999776,19.3231,0.0789,CTIO_KMTC19,KMT(I),KMT
57956.02915999992,19.1428,0.0569,CTIO_KMTC19,KMT(I),KMT
57956.069699999876,19.2057,0.0673,CTIO_KMTC19,KMT(I),KMT
57956.10650999984,19.1419,0.0536,CTIO_KMTC19,KMT(I),KMT
57956.1634399998,19.2902,0.0512,CTIO_KMTC19,KMT(I),KMT
57956.19947999995,19.3896,0.0841,CTIO_KMTC19,KMT(I),KMT
57956.236880000215,19.4013,0.0572,CTIO_KMTC19,KMT(I),KMT
57956.28223000001,19.176,0.0751,CTIO_KMTC19,KMT(I),KMT
57956.28802999994,18.8894,0.0867,CTIO_KMTC19,KMT(I),KMT
57957.15850999998,19.012,0.0636,CTIO_KMTC19,KMT(I),KMT
57957.997210000176,19.2334,0.1781,CTIO_KMTC19,KMT(I),KMT
57958.03328000009,15.3785,0.0443,CTIO_KMTC19,KMT(I),KMT
57958.06772000017,19.4969,0.1772,CTIO_KMTC19,KMT(I),KMT
57958.11330999993,19.0122,0.0772,CTIO_KMTC19,KMT(I),KMT
57958.148920000065,19.0359,0.0935,CTIO_KMTC19,KMT(I),KMT
57958.19236000022,19.08,0.0566,CTIO_KMTC19,KMT(I),KMT
57958.231130000204,19.0893,0.0677,CTIO_KMTC19,KMT(I),KMT
57958.266549999826,18.8555,0.07,CTIO_KMTC19,KMT(I),KMT
57958.99650999997,19.0583,0.0556,CTIO_KMTC19,KMT(I),KMT
57959.0362300002,19.1959,0.0629,CTIO_KMTC19,KMT(I),KMT
57959.07575999992,19.3047,0.0509,CTIO_KMTC19,KMT(I),KMT
57959.15956000006,18.9864,0.0504,CTIO_KMTC19,KMT(I),KMT
57959.20161999995,19.231,0.0688,CTIO_KMTC19,KMT(I),KMT
57959.24085999979,19.1474,0.0726,CTIO_KMTC19,KMT(I),KMT
57959.27567999996,19.0685,0.0904,CTIO_KMTC19,KMT(I),KMT
57959.98843999999,18.773,0.1135,CTIO_KMTC19,KMT(I),KMT
57960.03561000014,19.2457,0.3045,CTIO_KMTC19,KMT(I),KMT
57960.07070000004,19.2653,0.0583,CTIO_KMTC19,KMT(I),KMT
57960.10999999987,19.3064,0.0617,CTIO_KMTC19,KMT(I),KMT
57960.156830000225,19.2802,0.0459,CTIO_KMTC19,KMT(I),KMT
57960.195179999806,19.4139,0.0609,CTIO_KMTC19,KMT(I),KMT
57960.24496999988,19.3544,0.0698,CTIO_KMTC19,KMT(I),KMT
57960.27062000008,19.0988,0.0926,CTIO_KMTC19,KMT(I),KMT
57960.99542000005,19.0438,0.0913,CTIO_KMTC19,KMT(I),KMT
57961.040039999876,18.816,0.066,CTIO_KMTC19,KMT(I),KMT
57961.087669999804,19.188,0.0989,CTIO_KMTC19,KMT(I),KMT
57961.12882999983,19.0226,0.096,CTIO_KMTC19,KMT(I),KMT
57961.17415999994,19.0885,0.1171,CTIO_KMTC19,KMT(I),KMT
57961.22202999983,19.2262,0.1527,CTIO_KMTC19,KMT(I),KMT
57961.25899,19.1242,0.2607,CTIO_KMTC19,KMT(I),KMT
57961.26474000001,18.6422,0.136,CTIO_KMTC19,KMT(I),KMT
57961.98279999988,18.9935,0.2179,CTIO_KMTC19,KMT(I),KMT
57962.03022000007,19.0637,0.1802,CTIO_KMTC19,KMT(I),KMT
57962.16130999988,19.0838,0.0637,CTIO_KMTC19,KMT(I),KMT
57962.20018999977,19.1823,0.1005,CTIO_KMTC19,KMT(I),KMT
57962.242579999845,19.1224,0.0915,CTIO_KMTC19,KMT(I),KMT
57962.26083000004,19.2718,0.1223,CTIO_KMTC19,KMT(I),KMT
57964.00272000022,19.0113,0.2791,CTIO_KMTC19,KMT(I),KMT
57964.03870999999,18.9923,0.0758,CTIO_KMTC19,KMT(I),KMT
57964.085979999974,19.0865,0.2464,CTIO_KMTC19,KMT(I),KMT
57964.127369999886,19.2284,0.0741,CTIO_KMTC19,KMT(I),KMT
57964.163449999876,19.3327,0.0615,CTIO_KMTC19,KMT(I),KMT
57964.21095000021,19.3363,0.0545,CTIO_KMTC19,KMT(I),KMT
57964.245430000126,19.1747,0.0575,CTIO_KMTC19,KMT(I),KMT
57964.26000999985,19.3207,0.0767,CTIO_KMTC19,KMT(I),KMT
57966.00094999978,19.31,0.0868,CTIO_KMTC19,KMT(I),KMT
57966.06822999986,19.2058,0.0483,CTIO_KMTC19,KMT(I),KMT
57966.11316000018,19.44,0.0525,CTIO_KMTC19,KMT(I),KMT
57966.15307,19.2796,0.0787,CTIO_KMTC19,KMT(I),KMT
57966.20729999989,19.1875,0.0728,CTIO_KMTC19,KMT(I),KMT
57966.2493400001,19.008,0.0833,CTIO_KMTC19,KMT(I),KMT
57966.98295000009,18.9562,0.1226,CTIO_KMTC19,KMT(I),KMT
57967.10268000001,18.6584,0.0726,CTIO_KMTC19,KMT(I),KMT
57967.143900000025,19.1899,0.0781,CTIO_KMTC19,KMT(I),KMT
57967.193779999856,19.1203,0.0941,CTIO_KMTC19,KMT(I),KMT
57967.23675000016,18.7137,0.0856,CTIO_KMTC19,KMT(I),KMT
57968.11051000003,19.1384,0.1294,CTIO_KMTC19,KMT(I),KMT
57968.153539999854,18.928,0.1591,CTIO_KMTC19,KMT(I),KMT
57968.24789999984,19.6704,0.438,CTIO_KMTC19,KMT(I),KMT
57968.98376999982,19.6692,0.4028,CTIO_KMTC19,KMT(I),KMT
57969.00998000009,19.3479,0.3413,CTIO_KMTC19,KMT(I),KMT
57969.05223000003,18.7428,0.3361,CTIO_KMTC19,KMT(I),KMT
57969.10896999994,19.3935,0.4035,CTIO_KMTC19,KMT(I),KMT
57969.15049999999,19.2438,0.3167,CTIO_KMTC19,KMT(I),KMT
57969.24153999984,18.6953,0.2106,CTIO_KMTC19,KMT(I),KMT
57969.98333000019,19.1442,0.1414,CTIO_KMTC19,KMT(I),KMT
57969.98502000002,18.8248,0.1186,CTIO_KMTC19,KMT(I),KMT
57970.002689999994,19.3433,0.1876,CTIO_KMTC19,KMT(I),KMT
57970.06100999983,19.3393,0.3162,CTIO_KMTC19,KMT(I),KMT
57970.104220000096,19.1184,0.1304,CTIO_KMTC19,KMT(I),KMT
57970.17046999978,19.2915,0.1137,CTIO_KMTC19,KMT(I),KMT
57970.22344999993,19.5315,0.1891,CTIO_KMTC19,KMT(I),KMT
57971.09263999993,14.6145,5.2111,CTIO_KMTC19,KMT(I),KMT
57971.12013999978,18.9174,0.0724,CTIO_KMTC19,KMT(I),KMT
57971.173270000145,19.1811,0.0805,CTIO_KMTC19,KMT(I),KMT
57971.227919999976,18.7668,0.0761,CTIO_KMTC19,KMT(I),KMT
57980.99552999996,19.2904,0.0706,CTIO_KMTC19,KMT(I),KMT
57981.00312000001,19.3148,0.0551,CTIO_KMTC19,KMT(I),KMT
57981.055689999834,19.1795,0.0575,CTIO_KMTC19,KMT(I),KMT
57981.10003999993,19.3676,0.0885,CTIO_KMTC19,KMT(I),KMT
57981.14667000016,19.2396,0.0592,CTIO_KMTC19,KMT(I),KMT
57981.20148999989,18.776,0.1816,CTIO_KMTC19,KMT(I),KMT
57981.983320000116,19.2987,0.0661,CTIO_KMTC19,KMT(I),KMT
57982.03213000018,19.1711,0.0662,CTIO_KMTC19,KMT(I),KMT
57982.07976000011,19.4273,0.0506,CTIO_KMTC19,KMT(I),KMT
57982.1209900002,19.2418,0.066,CTIO_KMTC19,KMT(I),KMT
57982.17960999999,19.2652,0.0654,CTIO_KMTC19,KMT(I),KMT
57982.98792000022,19.3435,0.0576,CTIO_KMTC19,KMT(I),KMT
57983.0233,19.265,0.0555,CTIO_KMTC19,KMT(I),KMT
57983.08840999985,19.2888,0.0554,CTIO_KMTC19,KMT(I),KMT
57983.126199999824,19.2298,0.0469,CTIO_KMTC19,KMT(I),KMT
57983.17046000017,19.1587,0.0625,CTIO_KMTC19,KMT(I),KMT
57983.214310000185,19.2169,0.0733,CTIO_KMTC19,KMT(I),KMT
57984.00691,19.2435,0.0623,CTIO_KMTC19,KMT(I),KMT
57984.04895999981,19.2793,0.0479,CTIO_KMTC19,KMT(I),KMT
57984.09897000017,19.2585,0.0599,CTIO_KMTC19,KMT(I),KMT
57984.14040999999,19.4218,0.5197,CTIO_KMTC19,KMT(I),KMT
57984.18155999994,19.0519,0.0836,CTIO_KMTC19,KMT(I),KMT
57985.01623999979,19.159,0.0565,CTIO_KMTC19,KMT(I),KMT
57985.06175999995,19.1969,0.0848,CTIO_KMTC19,KMT(I),KMT
57985.11383999977,19.0358,0.0802,CTIO_KMTC19,KMT(I),KMT
57985.15437000012,19.14,0.0613,CTIO_KMTC19,KMT(I),KMT
57985.18920999998,18.9677,0.0799,CTIO_KMTC19,KMT(I),KMT
57985.20473999996,18.8881,0.0985,CTIO_KMTC19,KMT(I),KMT
57986.044420000166,19.3067,0.0538,CTIO_KMTC19,KMT(I),KMT
57986.08031000011,19.2508,0.0559,CTIO_KMTC19,KMT(I),KMT
57986.12532000011,19.1093,0.0697,CTIO_KMTC19,KMT(I),KMT
57986.173560000025,18.9215,0.0632,CTIO_KMTC19,KMT(I),KMT
57986.20562000014,18.9225,0.1314,CTIO_KMTC19,KMT(I),KMT
57987.01023000013,19.3824,0.0695,CTIO_KMTC19,KMT(I),KMT
57987.061590000056,19.419,0.0663,CTIO_KMTC19,KMT(I),KMT
57987.10166999977,19.4728,0.0689,CTIO_KMTC19,KMT(I),KMT
57987.13876,19.2674,0.0688,CTIO_KMTC19,KMT(I),KMT
57987.1852500001,19.0447,0.0682,CTIO_KMTC19,KMT(I),KMT
57987.19668000005,19.0215,0.0815,CTIO_KMTC19,KMT(I),KMT
57988.037239999976,19.1246,0.2631,CTIO_KMTC19,KMT(I),KMT
57988.080959999934,18.9283,0.0671,CTIO_KMTC19,KMT(I),KMT
57988.12950999988,18.6092,0.4249,CTIO_KMTC19,KMT(I),KMT
57988.164650000166,19.3046,0.2995,CTIO_KMTC19,KMT(I),KMT
57988.20750000002,18.1848,0.8247,CTIO_KMTC19,KMT(I),KMT
57989.00557000004,19.0267,0.4189,CTIO_KMTC19,KMT(I),KMT
57989.04851000011,18.8069,0.4154,CTIO_KMTC19,KMT(I),KMT
57989.08774999995,18.9155,0.1947,CTIO_KMTC19,KMT(I),KMT
57989.13457000023,18.7877,0.6421,CTIO_KMTC19,KMT(I),KMT
57989.1712199999,18.378,0.7102,CTIO_KMTC19,KMT(I),KMT
57990.01444000006,19.2942,0.0656,CTIO_KMTC19,KMT(I),KMT
57990.05427999981,19.2936,0.0489,CTIO_KMTC19,KMT(I),KMT
57990.090940000024,19.2561,0.0455,CTIO_KMTC19,KMT(I),KMT
57990.14639999997,19.2951,0.0572,CTIO_KMTC19,KMT(I),KMT
57990.18143999996,19.1791,0.0724,CTIO_KMTC19,KMT(I),KMT
57990.19947999995,18.9769,0.0948,CTIO_KMTC19,KMT(I),KMT
57990.99377000006,19.412,0.1128,CTIO_KMTC19,KMT(I),KMT
57991.00026000012,17.4403,0.159,CTIO_KMTC19,KMT(I),KMT
57991.04082999984,19.1831,0.0564,CTIO_KMTC19,KMT(I),KMT
57991.09488999983,19.251,0.0521,CTIO_KMTC19,KMT(I),KMT
57991.13037999999,19.3374,0.0547,CTIO_KMTC19,KMT(I),KMT
57991.179729999974,19.1335,0.0872,CTIO_KMTC19,KMT(I),KMT
57991.99758999981,19.2202,0.0548,CTIO_KMTC19,KMT(I),KMT
57992.04068000009,19.4344,0.0726,CTIO_KMTC19,KMT(I),KMT
57992.08069999982,19.3482,0.0562,CTIO_KMTC19,KMT(I),KMT
57992.12411000021,19.3422,0.0476,CTIO_KMTC19,KMT(I),KMT
57992.170280000195,19.1369,0.0906,CTIO_KMTC19,KMT(I),KMT
57992.17792000016,19.0955,0.069,CTIO_KMTC19,KMT(I),KMT
57992.994109999854,19.2777,0.0658,CTIO_KMTC19,KMT(I),KMT
57993.0348100001,19.2085,0.0551,CTIO_KMTC19,KMT(I),KMT
57993.073199999984,19.2864,0.0588,CTIO_KMTC19,KMT(I),KMT
57993.13873999985,19.3361,0.0547,CTIO_KMTC19,KMT(I),KMT
57993.17491000006,19.0812,0.0698,CTIO_KMTC19,KMT(I),KMT
57993.9992399998,18.9853,0.079,CTIO_KMTC19,KMT(I),KMT
57994.04593000002,19.2481,0.0642,CTIO_KMTC19,KMT(I),KMT
57994.091479999945,19.1547,0.0737,CTIO_KMTC19,KMT(I),KMT
57994.99396000011,19.4388,0.154,CTIO_KMTC19,KMT(I),KMT
57994.99538000021,19.0657,0.0815,CTIO_KMTC19,KMT(I),KMT
57995.04791999981,19.4973,0.1281,CTIO_KMTC19,KMT(I),KMT
57995.06730999984,19.1673,0.1059,CTIO_KMTC19,KMT(I),KMT
57995.10183000006,19.8378,0.4545,CTIO_KMTC19,KMT(I),KMT
57995.137159999926,19.0757,0.4726,CTIO_KMTC19,KMT(I),KMT
57995.17872999981,18.4364,0.2982,CTIO_KMTC19,KMT(I),KMT
57996.00552000012,20.1841,0.9441,CTIO_KMTC19,KMT(I),KMT
57996.04758000001,19.3956,0.2597,CTIO_KMTC19,KMT(I),KMT
57996.089060000144,18.9467,0.167,CTIO_KMTC19,KMT(I),KMT
57996.12973000016,20.0419,0.5354,CTIO_KMTC19,KMT(I),KMT
57996.164599999785,19.6792,0.4615,CTIO_KMTC19,KMT(I),KMT
57996.17334000021,19.3168,0.493,CTIO_KMTC19,KMT(I),KMT
57996.98926000018,19.4625,0.2175,CTIO_KMTC19,KMT(I),KMT
57997.037239999976,19.6185,0.1644,CTIO_KMTC19,KMT(I),KMT
57997.078660000116,19.3289,0.1686,CTIO_KMTC19,KMT(I),KMT
57997.11532999994,19.32,0.1321,CTIO_KMTC19,KMT(I),KMT
57997.16489000013,19.4734,0.348,CTIO_KMTC19,KMT(I),KMT
57998.001730000135,19.1022,0.0892,CTIO_KMTC19,KMT(I),KMT
57998.0214999998,19.1763,0.0798,CTIO_KMTC19,KMT(I),KMT
57998.063370000105,19.2785,0.0602,CTIO_KMTC19,KMT(I),KMT
57998.11133000022,19.2472,0.0786,CTIO_KMTC19,KMT(I),KMT
57998.15084999986,19.2008,0.0736,CTIO_KMTC19,KMT(I),KMT
57998.16380999982,19.225,0.0821,CTIO_KMTC19,KMT(I),KMT
57999.02308000019,19.2608,0.1144,CTIO_KMTC19,KMT(I),KMT
57999.07257999992,19.3664,0.6125,CTIO_KMTC19,KMT(I),KMT
57999.11315000011,18.9754,0.1104,CTIO_KMTC19,KMT(I),KMT
57999.161989999935,19.0268,0.3826,CTIO_KMTC19,KMT(I),KMT
57999.174579999875,19.7009,0.7113,CTIO_KMTC19,KMT(I),KMT
57999.99697000021,19.8068,0.3356,CTIO_KMTC19,KMT(I),KMT
58000.045229999814,18.8893,0.0993,CTIO_KMTC19,KMT(I),KMT
58000.10661000013,19.0938,0.1048,CTIO_KMTC19,KMT(I),KMT
58000.15671999985,19.0601,0.1056,CTIO_KMTC19,KMT(I),KMT
58000.167040000204,19.5475,0.2145,CTIO_KMTC19,KMT(I),KMT
58000.99471000023,19.2839,0.0505,CTIO_KMTC19,KMT(I),KMT
58001.046240000054,19.223,0.0607,CTIO_KMTC19,KMT(I),KMT
58001.08529999992,19.3434,0.073,CTIO_KMTC19,KMT(I),KMT
58001.13151000021,19.1461,0.0784,CTIO_KMTC19,KMT(I),KMT
58001.1602599998,19.1585,0.0853,CTIO_KMTC19,KMT(I),KMT
58001.98405000009,19.0287,0.1575,CTIO_KMTC19,KMT(I),KMT
58002.02451999998,19.3589,0.1088,CTIO_KMTC19,KMT(I),KMT
58002.02596000023,19.3539,0.1019,CTIO_KMTC19,KMT(I),KMT
58002.06981999986,19.3241,0.0934,CTIO_KMTC19,KMT(I),KMT
58002.12107999995,19.1849,0.1856,CTIO_KMTC19,KMT(I),KMT
58002.15494999988,19.3494,0.1566,CTIO_KMTC19,KMT(I),KMT
58002.996100000106,19.4646,0.0552,CTIO_KMTC19,KMT(I),KMT
58003.04968999978,19.2878,0.0704,CTIO_KMTC19,KMT(I),KMT
58003.095160000026,19.1364,0.0671,CTIO_KMTC19,KMT(I),KMT
58003.136369999964,19.2877,0.0872,CTIO_KMTC19,KMT(I),KMT
58003.142690000124,19.2833,0.0699,CTIO_KMTC19,KMT(I),KMT
58003.983930000104,19.307,0.0716,CTIO_KMTC19,KMT(I),KMT
58004.04232000001,19.2996,0.0588,CTIO_KMTC19,KMT(I),KMT
58004.08553999988,19.1716,0.0555,CTIO_KMTC19,KMT(I),KMT
58004.12598000001,19.1972,0.085,CTIO_KMTC19,KMT(I),KMT
58004.15627000015,19.0964,0.0715,CTIO_KMTC19,KMT(I),KMT
58007.10245000012,18.9156,0.0621,CTIO_KMTC19,KMT(I),KMT
58007.1395200002,19.014,0.093,CTIO_KMTC19,KMT(I),KMT
58008.00247999979,19.1431,0.1095,CTIO_KMTC19,KMT(I),KMT
58008.051709999796,19.1629,0.1049,CTIO_KMTC19,KMT(I),KMT
58008.09066999983,19.2335,0.0855,CTIO_KMTC19,KMT(I),KMT
58008.12753999978,19.0533,0.0707,CTIO_KMTC19,KMT(I),KMT
58008.14769000001,18.9122,0.0812,CTIO_KMTC19,KMT(I),KMT
58010.09003000008,19.1,0.072,CTIO_KMTC19,KMT(I),KMT
58010.13571000006,19.0218,0.0608,CTIO_KMTC19,KMT(I),KMT
58010.99519000016,19.1502,0.0835,CTIO_KMTC19,KMT(I),KMT
58011.04107999988,19.1062,0.0862,CTIO_KMTC19,KMT(I),KMT
58011.08851000015,18.9742,0.0875,CTIO_KMTC19,KMT(I),KMT
58011.123900000006,19.5053,0.2009,CTIO_KMTC19,KMT(I),KMT
58011.13293999992,19.2282,0.1486,CTIO_KMTC19,KMT(I),KMT
58011.990009999834,19.3747,0.0906,CTIO_KMTC19,KMT(I),KMT
58012.08348000003,19.3008,0.1015,CTIO_KMTC19,KMT(I),KMT
58012.119489999954,19.2907,0.1499,CTIO_KMTC19,KMT(I),KMT
58012.99399999995,19.1877,0.0674,CTIO_KMTC19,KMT(I),KMT
58013.044840000104,19.1149,0.0587,CTIO_KMTC19,KMT(I),KMT
58013.08472000016,19.2555,0.0789,CTIO_KMTC19,KMT(I),KMT
58013.12442999985,19.0565,0.0956,CTIO_KMTC19,KMT(I),KMT
58013.99224000005,19.1387,0.0604,CTIO_KMTC19,KMT(I),KMT
58014.05184999993,19.261,0.0739,CTIO_KMTC19,KMT(I),KMT
58014.08899000008,19.0818,0.0783,CTIO_KMTC19,KMT(I),KMT
58014.108359999955,18.9889,0.0843,CTIO_KMTC19,KMT(I),KMT
58014.124950000085,19.1018,0.1005,CTIO_KMTC19,KMT(I),KMT
58015.00565999979,19.5042,0.1636,CTIO_KMTC19,KMT(I),KMT
58015.04874,18.9957,0.0848,CTIO_KMTC19,KMT(I),KMT
58015.083529999945,19.1521,0.0905,CTIO_KMTC19,KMT(I),KMT
58017.01017000014,19.2545,0.0555,CTIO_KMTC19,KMT(I),KMT
58017.04797000019,19.1398,0.0645,CTIO_KMTC19,KMT(I),KMT
58017.088839999866,18.988,0.0909,CTIO_KMTC19,KMT(I),KMT
58017.111250000075,19.1103,0.1033,CTIO_KMTC19,KMT(I),KMT
58018.03261000011,19.2712,0.0508,CTIO_KMTC19,KMT(I),KMT
58018.069869999774,19.3394,0.0522,CTIO_KMTC19,KMT(I),KMT
58018.103110000025,18.9418,0.0808,CTIO_KMTC19,KMT(I),KMT
58019.01055999985,19.4836,0.0686,CTIO_KMTC19,KMT(I),KMT
58019.05224000011,19.3223,0.0756,CTIO_KMTC19,KMT(I),KMT
58019.09054999985,19.1769,0.0668,CTIO_KMTC19,KMT(I),KMT
58019.10130000021,19.1391,0.0795,CTIO_KMTC19,KMT(I),KMT
58020.03575999988,19.3201,0.0762,CTIO_KMTC19,KMT(I),KMT
58020.07482999982,19.3835,0.1016,CTIO_KMTC19,KMT(I),KMT
58020.10140000004,19.2349,0.0985,CTIO_KMTC19,KMT(I),KMT
58021.02661000006,19.1407,0.1387,CTIO_KMTC19,KMT(I),KMT
58021.08007000014,18.9466,0.0971,CTIO_KMTC19,KMT(I),KMT
58021.09349999996,19.0756,0.0938,CTIO_KMTC19,KMT(I),KMT
58022.02260999987,19.3374,0.0743,CTIO_KMTC19,KMT(I),KMT
58022.07257999992,19.2638,0.0889,CTIO_KMTC19,KMT(I),KMT
58022.0891499999,19.4315,0.0814,CTIO_KMTC19,KMT(I),KMT
58022.99592000013,19.7786,0.1643,CTIO_KMTC19,KMT(I),KMT
58023.03611000022,19.3447,0.1217,CTIO_KMTC19,KMT(I),KMT
58023.075040000025,19.5715,0.1448,CTIO_KMTC19,KMT(I),KMT
58023.086709999945,19.0035,0.0761,CTIO_KMTC19,KMT(I),KMT
58024.01849999977,19.2316,0.1659,CTIO_KMTC19,KMT(I),KMT
58024.06780999992,18.4943,0.6768,CTIO_KMTC19,KMT(I),KMT
58025.02596999984,19.3823,0.1238,CTIO_KMTC19,KMT(I),KMT
58025.080860000104,19.0787,0.3412,CTIO_KMTC19,KMT(I),KMT
58025.097709999885,17.5515,0.5183,CTIO_KMTC19,KMT(I),KMT
58028.00008000014,18.6417,0.0736,CTIO_KMTC19,KMT(I),KMT
58028.03880000021,19.4477,0.1252,CTIO_KMTC19,KMT(I),KMT
58028.08008000022,19.6277,0.2232,CTIO_KMTC19,KMT(I),KMT
58028.99708000012,19.3194,0.0839,CTIO_KMTC19,KMT(I),KMT
58029.051990000065,18.9906,0.0672,CTIO_KMTC19,KMT(I),KMT
58029.088390000165,19.3172,0.1245,CTIO_KMTC19,KMT(I),KMT
58030.006089999806,19.1051,0.1873,CTIO_KMTC19,KMT(I),KMT
58030.044710000046,19.15,0.1289,CTIO_KMTC19,KMT(I),KMT
58030.0760499998,19.3393,0.1711,CTIO_KMTC19,KMT(I),KMT
58031.07376000006,18.1406,0.2883,CTIO_KMTC19,KMT(I),KMT
58032.00607000012,19.1993,0.0981,CTIO_KMTC19,KMT(I),KMT
58032.051169999875,19.354,0.1231,CTIO_KMTC19,KMT(I),KMT
58032.067569999956,19.2493,0.1022,CTIO_KMTC19,KMT(I),KMT
58033.02485000016,18.968,0.0985,CTIO_KMTC19,KMT(I),KMT
58033.05725000007,19.223,0.5162,CTIO_KMTC19,KMT(I),KMT
58034.00956000015,19.1104,0.1086,CTIO_KMTC19,KMT(I),KMT
58034.06015999988,19.1992,0.094,CTIO_KMTC19,KMT(I),KMT
58035.04654000001,19.1641,0.065,CTIO_KMTC19,KMT(I),KMT
58035.05947999982,19.1513,0.0657,CTIO_KMTC19,KMT(I),KMT
58036.002170000225,19.2253,0.0898,CTIO_KMTC19,KMT(I),KMT
58036.04395999992,19.3083,0.0777,CTIO_KMTC19,KMT(I),KMT
58036.989819999784,19.1521,0.0796,CTIO_KMTC19,KMT(I),KMT
58037.02896999987,18.9867,0.0664,CTIO_KMTC19,KMT(I),KMT
58037.05144000007,19.1027,0.0901,CTIO_KMTC19,KMT(I),KMT
58038.04098000005,19.3602,0.1306,CTIO_KMTC19,KMT(I),KMT
58038.04998000013,19.5106,0.1971,CTIO_KMTC19,KMT(I),KMT
58039.99867000012,19.3405,0.0752,CTIO_KMTC19,KMT(I),KMT
58040.03513999982,19.1022,0.1099,CTIO_KMTC19,KMT(I),KMT
58040.05268999981,19.3765,0.1262,CTIO_KMTC19,KMT(I),KMT
58040.99659000011,18.9202,0.0803,CTIO_KMTC19,KMT(I),KMT
58041.04487999994,19.5839,0.2143,CTIO_KMTC19,KMT(I),KMT
58042.015879999846,19.0308,0.075,CTIO_KMTC19,KMT(I),KMT
58043.006180000026,19.2695,0.0711,CTIO_KMTC19,KMT(I),KMT
58043.04173000017,19.278,0.084,CTIO_KMTC19,KMT(I),KMT
58045.02655000007,19.046,0.1166,CTIO_KMTC19,KMT(I),KMT
58045.03246999998,18.7971,0.0791,CTIO_KMTC19,KMT(I),KMT
